code,name
A10,4181c0b8-a13e-42b0-82c8-7A10
A11,4d5811cc-b149-4536-aaa3-4A11
A12,f1e8029c-18ec-44d9-b032-6A12
A13,729e5faf-303d-4373-a7b9-eA13
A14,76ff5b2f-5c81-48d7-98bd-5A14
A15,2a5d2d21-2963-4b09-b710-fA15
A16,5d7761cd-5576-4c8d-9d92-5A16
A17,d394a006-f81f-458a-b359-1A17
A18,6a1d851f-da1d-45c0-92e1-aA18
A19,68a3e6d4-38c1-465f-96f6-9A19
A20,6abb7528-d469-4557-912e-7A20
A21,95cea10f-9749-4c07-a869-9A21
A22,bae53d57-2087-40ea-acdf-7A22
A23,9483371a-fe1b-4f12-994a-8A23
A24,bb074e9c-536a-4f8d-9360-4A24
A25,742b0a0e-42ed-43b8-a752-bA25
A26,f67c1d4b-9f72-4854-a785-bA26
A27,7976c262-c88a-4423-b69b-cA27
A28,b0dcb891-361a-4980-b745-aA28
A29,49fd64df-12b2-4251-9308-cA29
A30,161ad26a-e5c5-4dcc-a8a4-5A30
A31,427a48c7-cadf-402d-b231-1A31
A32,b16e7cc3-96c6-4ada-859e-2A32
A33,5d325cef-d704-42f5-bf9c-1A33
A34,2ddeea56-a046-46a9-9cec-aA34
A35,876d798c-0d64-432c-ad4a-0A35
A36,d832cc9f-06e0-48ee-98ed-8A36
A37,4e8459cb-fbf4-494f-8a81-7A37
A38,e7cc691b-0f03-4774-87ca-8A38
A39,98157c01-0467-4288-8a47-2A39
A40,9113c70d-f063-422c-8e24-3A40
A41,9989371c-f8eb-4d0f-a29f-7A41
A42,c9cdfa13-f694-47f8-8285-8A42
A43,4d63a697-4db8-4d6d-a3e6-7A43
A44,9ccb5e40-fbfb-4c98-801f-3A44
A45,7d03504f-172e-40d4-84b2-aA45
A46,48dbe02b-2340-40e2-b818-aA46
A47,84949e63-3cba-4fef-9123-fA47
A48,11b3b5e1-afd5-4751-a6ce-1A48
A49,c3b09a36-f9e2-4ff1-bf14-3A49
A50,a205f7ad-b9a9-4752-ba0f-5A50
A51,758d9d2e-8c2d-4ac1-9db5-1A51
A52,e3aded77-eee7-4678-9e61-aA52
A53,23cecdfd-eea0-4a27-b037-fA53
A54,8d194aaa-a17c-4b48-8d8a-5A54
A55,e6148f46-993b-4056-9da8-bA55
A56,9d6fdb4d-a890-45c7-aa2b-2A56
A57,d4c7f7f0-fde2-4830-aa2c-6A57
A58,25d8031e-957b-4455-a972-4A58
A59,852152c9-bcee-4d65-87a8-6A59
A60,de237566-99f6-4575-ba74-7A60
A61,3898beb5-a1d0-4a21-8f16-aA61
A62,1a1d3ec8-a9ba-4341-b3cb-6A62
A63,58483123-90ee-4cb7-8acb-1A63
A64,1ab004e0-337d-4160-941a-eA64
A65,552f29c7-289e-42d2-851f-dA65
A66,7471834f-3fa4-405f-8e2a-dA66
A67,015dca01-0955-43f4-a6a1-eA67
A68,a4bcb58c-7fcb-4271-8865-0A68
A69,4c44aca9-daef-4318-ac56-4A69
A70,e330af4c-bc08-4bcb-a3aa-9A70
A71,ea8fe4f9-bd95-460f-a5dc-1A71
A72,4e0eaec3-29b0-4835-847b-1A72
A73,384b5733-2921-4f92-8408-aA73
A74,a80f88a5-6f05-430f-8004-eA74
A75,25edf2fb-2b66-47a4-92a4-fA75
A76,5da059ef-3577-4b02-88ba-fA76
A77,af49af47-54f6-4e3f-832c-3A77
A78,31100e6e-c154-4e4a-956e-7A78
A79,39826f7e-2c04-4d9a-bbda-aA79
A80,b1fc6fd5-0689-40f7-88fd-2A80
A81,8a6b05fb-e413-483b-abb1-8A81
A82,e044b5b2-f428-4667-a770-5A82
A83,112aff02-5dea-408b-9c82-3A83
A84,40461080-2a48-4b1e-9d9d-eA84
A85,604ff791-3692-4607-8c38-bA85
A86,412a885f-9085-4cce-b18f-4A86
A87,4eeaf0e0-2974-4f30-b4df-eA87
A88,2160f5fc-acdd-4b98-b7e2-aA88
A89,1a06b0ad-e0b6-4f84-aacc-3A89
A90,720764c6-2e83-4fe9-8bd3-0A90
A91,b764e728-26c6-4fb8-b050-bA91
A92,96163e03-265e-4011-9ba6-8A92
A93,82808bb0-c880-437d-adc5-5A93
A94,18d5af85-c945-44d9-8108-cA94
A95,3b4f6b28-1f69-499a-bd56-9A95
A96,74a89a21-94eb-45bb-bff9-fA96
A97,f71308a5-4a5f-444e-a5ca-eA97
A98,cafe2665-75ac-4bd7-ac46-9A98
B10,25df4121-a5b3-452a-bd2b-6B10
B11,f1670824-268d-44be-b330-1B11
B12,3c60bf73-8483-46ac-9fbf-aB12
B13,f3d91b3d-12ac-427c-96a3-6B13
B14,b4f424ec-b962-47b4-b6c5-4B14
B15,4299fd4c-5265-4e3e-a2b8-aB15
B16,8483891c-0346-4a18-9c77-fB16
B17,f914a3b7-b101-4bf1-aa9d-3B17
B18,58d5f1f0-ea49-41ee-8a3a-9B18
B19,bb1464c5-6503-4f0d-a58b-eB19
B20,3b791869-0f16-4749-8f7e-0B20
B21,7fe99819-eace-43e2-8e3e-4B21
B22,4921aaa9-922e-4c10-827c-cB22
B23,21d3dd71-6326-40be-8bfc-6B23
B24,2168de47-ce70-4c27-9441-0B24
B25,f3255955-477c-49cd-973f-1B25
B26,02d4844d-89b7-4832-b263-8B26
B27,2514378b-fd37-4d42-ad51-dB27
B28,0558b412-e66e-46fc-beea-3B28
B29,11f7ddfc-e388-4aaa-a7e5-7B29
B30,8d059eba-c812-469f-b253-fB30
B31,5d6a758e-ba7b-45b1-8f7d-aB31
B32,bd86f769-a37a-4be6-b208-9B32
B33,5a602596-1a17-424b-b79c-cB33
B34,2c1371dc-8b3e-4ad9-a686-eB34
B35,1f6e390f-0d8c-40b8-841a-9B35
B36,5aaa977d-e712-423c-bf5b-dB36
B37,2f15f7a5-d7ea-4c6d-9784-8B37
B38,363f0ae5-9954-408f-b012-0B38
B39,0720182b-6454-4c97-a773-2B39
B40,f9679fc4-9b8a-4f9d-9574-3B40
B41,693d25fa-dc0c-4903-941b-cB41
B42,9c1db2ee-0c2c-4b65-8f17-9B42
B43,fda6715a-2c01-4185-bd3c-0B43
B44,70e6a080-3fa3-41d9-bee0-3B44
B45,fe7aeb8e-930c-4e0f-ac88-bB45
B46,7d0577e6-3dc7-4c9c-8435-fB46
B47,a6471e39-f14b-43f8-86bb-cB47
B48,b1404d41-db9e-4638-a302-6B48
B49,c9844158-fad8-42f9-8130-5B49
B50,a4881381-fe83-4cd0-9f1e-cB50
B51,5389a57d-d7e3-4876-afdf-cB51
B52,2454d259-6f9f-4b44-be7b-9B52
B53,cb8109a2-059f-4445-a1fb-2B53
B54,02edf154-cd23-4194-bd5c-eB54
B55,d9e70b7d-4850-4a99-b5b2-3B55
B56,1b590f35-f28d-4d35-8665-dB56
B57,3d6c43b2-80d6-405d-8076-fB57
B58,c05a4262-850b-4e17-b1e0-8B58
B59,cff98952-4394-4928-961b-cB59
B60,38530aea-3ea4-481b-9ab9-bB60
B61,765b69b2-88a4-40b8-a789-aB61
B62,31c3591b-e9f3-46e9-bfb0-5B62
B63,52845444-5699-4ed0-b755-7B63
B64,f37eb739-0ce8-4458-8735-7B64
B65,30859f56-fd5c-4787-99c4-2B65
B66,57209a29-32ff-41e8-ba02-bB66
B67,b2d0874d-4be2-432c-8926-fB67
B68,92f675e6-a5b6-4b1c-b2bd-9B68
B69,9bb73d80-3d33-4dd7-9761-7B69
B70,e54ea6e5-fcb7-4cd8-b470-eB70
B71,dd510128-1bcf-431a-9030-8B71
B72,dda93952-e836-4dbb-8bec-3B72
B73,97783b7e-4206-45ae-998e-0B73
B74,21e2fa43-7ff3-4e44-a1bd-4B74
B75,226ac442-2642-4161-9bf1-dB75
B76,b659ee42-c6a6-46e8-99ca-bB76
B77,3693a939-9ed3-46e2-b923-1B77
B78,14ab6227-aff9-4987-b015-dB78
B79,d73af003-53a7-431a-b2fe-eB79
B80,a5ec4d85-318c-431d-8199-1B80
B81,926ba1f5-a30d-4c63-a17d-3B81
B82,16f6a109-2769-4f90-ae18-cB82
B83,64161fae-4122-448c-b5fb-5B83
B84,a0ccba09-673f-47f9-9ea9-eB84
B85,a3ce3341-6b62-47e0-a6ef-eB85
B86,83f0beb7-9f5a-48ff-8c5d-4B86
B87,77e9c66e-fb4e-492d-81e4-9B87
B88,436a11e6-0202-4b4b-9cb9-cB88
B89,9d8bd68c-b77b-4792-ab2c-9B89
B90,f2ff3400-2512-4d27-8032-5B90
B91,f0870eaf-204f-4b3b-859b-9B91
B92,40c2f8b5-f85f-40ce-a06c-5B92
B93,7c6929ae-bc3f-4b36-9de8-bB93
B94,b14465f9-6cf9-4b59-b127-7B94
B95,cf70e85c-ba90-4d24-9303-eB95
B96,05dfff21-48c0-40a3-b64f-eB96
B97,e309fc0e-57b8-46d9-ae98-fB97
B98,4745769e-7f3a-4aac-8b14-0B98
C10,1b35f01d-8a03-40a0-b8cd-0C10
C11,290c9627-c597-4978-b187-1C11
C12,bdd1de66-e73f-4544-95f7-8C12
C13,040b5a45-27cb-4be6-b445-8C13
C14,62e4483b-0100-4732-8afc-eC14
C15,1fcda036-049e-4e36-a972-1C15
C16,5269d7b5-96b0-4b70-9ce5-0C16
C17,f5d65574-2f28-4384-a9cc-fC17
C18,fb65af7a-0934-4a3a-b238-7C18
C19,9a7f5533-4bad-4ff6-aa62-1C19
C20,93262567-8f6f-4782-be56-6C20
C21,5c0bb1ff-edea-4618-98ab-8C21
C22,1903a031-9468-4722-9bb8-1C22
C23,11b3ebd1-c365-4df2-b0f4-7C23
C24,9397a218-436d-4713-8c04-fC24
C25,fc0bcf5a-db9b-4e72-a466-4C25
C26,61215eee-0631-4557-bb8a-8C26
C27,48d651ed-b621-40d0-a935-9C27
C28,a8f1d6d7-a616-4f55-a699-4C28
C29,b8706a7a-9ad0-4c9f-b61e-aC29
C30,393cdd4a-8c48-4361-84b0-aC30
C31,0ba3991a-4df0-4dca-8a70-6C31
C32,de992872-77e0-4187-be52-1C32
C33,255c3767-77f9-482a-9549-7C33
C34,f6d0e04d-0a56-400f-83b1-7C34
C35,53001534-d3e3-4b23-aa4d-bC35
C36,358f3b01-0374-4fe2-91f2-9C36
C37,fd9fb7d9-c251-4a48-885f-6C37
C38,54f25907-4b31-4c6b-946f-7C38
C39,48fe3ef9-3752-4541-80b2-dC39
C40,2e15dd6e-98af-4604-aca3-3C40
C41,8c10c203-b49d-4046-a035-fC41
C42,65448a2e-fe2d-4bf4-9e1a-aC42
C43,7ee9d819-66ed-40c0-820a-9C43
C44,30f8d13f-d010-46c8-8904-5C44
C45,e9252c0f-f6c1-4375-be2c-7C45
C46,ed1805a4-2196-4d97-8003-0C46
C47,5707f763-9120-457d-b9bb-5C47
C48,11fb865b-3149-487b-ae4f-8C48
C49,4ff31341-ab87-4989-8642-cC49
C50,e37e79ed-a5e3-4b1e-8020-eC50
C51,795c8ea0-0863-48f2-a7bf-aC51
C52,308c41eb-3904-4591-93c0-3C52
C53,e992fa18-ee31-4d96-abed-fC53
C54,79f7114b-d8d0-41db-a606-5C54
C55,1e0d2a56-839d-4624-a69b-aC55
C56,da0045b5-4ad7-4dab-b751-7C56
C57,6ecc9ccc-ad04-40a9-b2ac-cC57
C58,0f26e8cc-fd20-4bdc-9f34-fC58
C59,97a1e32d-7c19-43b0-8945-6C59
C60,1b622418-668e-449d-94be-6C60
C61,8dbea86d-d225-4156-93c0-bC61
C62,5b5d346f-564e-4c03-90da-bC62
C63,b69f0fe2-6222-4329-b916-0C63
C64,2ad46dfa-a905-4901-ae26-2C64
C65,7504fcc1-2a79-4b71-a2e7-6C65
C66,cdacd342-8995-4d76-9ed9-9C66
C67,73a67cd0-0e8f-421b-9ac7-1C67
C68,921042ba-9fb5-4794-a452-dC68
C69,c5bd0efd-1c72-44eb-a42b-cC69
C70,96146ba2-30cd-4749-a7c8-bC70
C71,6993054d-cf1e-49b9-b106-eC71
C72,acdb41b1-f172-4540-8778-dC72
C73,9a8440f0-1440-477e-bbce-cC73
C74,bdf84c55-b646-4b2d-822d-dC74
C75,aba5490d-8a8e-486d-8613-dC75
C76,57e6adaf-940e-4569-8624-dC76
C77,db4ecc1c-a2d7-4549-8e51-0C77
C78,d1c08f89-dfa5-4bc7-9286-eC78
C79,7a4d7720-af91-4ab0-bc23-eC79
C80,67cd1d9e-78e2-4b6f-a583-7C80
C81,da27312b-4d2c-496d-a82d-bC81
C82,a3f60b19-58ac-4543-ae5c-eC82
C83,d394f342-170e-47f4-82d7-6C83
C84,a470b8b7-40f9-477a-ab7f-9C84
C85,270a7f0a-fbda-4b7e-b21f-9C85
C86,0015b260-6277-4b35-9468-9C86
C87,7d1efbb3-ecf6-4654-90ea-aC87
C88,f190912d-a3f2-4bbb-b3aa-4C88
C89,1fdb7d76-9480-4f0e-95ef-4C89
C90,d331c0fc-7526-401e-8540-2C90
C91,6ea0bd06-e5a3-4a74-a7b6-8C91
C92,c976c27f-b727-4cee-baa9-dC92
C93,f8cc8d58-49a6-4d23-91b8-8C93
C94,5addafb1-7475-4cdf-86df-4C94
C95,e50d2ab1-3ce6-4f1e-88e8-0C95
C96,73207caf-0307-4b71-a1c3-5C96
C97,6181f5e5-fa4f-40a2-9572-eC97
C98,4069fe0b-bb9f-4d6f-91bd-bC98
D10,80d3e08d-e070-4f67-a3b5-eD10
D11,f8e333e9-dce4-4eaa-83a4-8D11
D12,ea11ad61-1b0f-45a3-9a11-7D12
D13,610211b0-40ae-4569-842f-4D13
D14,bab3f854-c95a-4207-8614-5D14
D15,ad62e69c-82e6-463a-87e6-5D15
D16,88337c92-6bc5-4d2c-9175-7D16
D17,249511d3-0254-4cd0-8224-aD17
D18,9047b3e9-470d-4824-9748-8D18
D19,41865c86-577d-4559-8d3f-fD19
D20,504ab23c-dd19-4006-b6f2-5D20
D21,9beda592-03b4-413c-9b60-3D21
D22,32b47df3-0cdb-40af-8f4b-5D22
D23,7b2f47c4-0bca-46b1-aaca-5D23
D24,95b8d45c-9aa8-4e3b-b611-1D24
D25,025ae36e-c831-4264-962b-dD25
D26,599f11b3-3922-47b3-a34e-fD26
D27,74def25c-9cc5-4914-858e-5D27
D28,4b54dfbf-242c-4b78-9b9b-bD28
D29,233bbd24-9882-4bd9-90c3-8D29
D30,a2d7f300-9054-4b34-8667-fD30
D31,4a6a3754-32de-4824-a906-5D31
D32,fb1fcde6-84f8-4265-b570-2D32
D33,d6bddca2-daf6-495b-92a5-6D33
D34,0ea39f94-60ca-416a-98af-5D34
D35,b1b52db9-7762-42a7-87ae-0D35
D36,518081d6-8ab7-4f9e-ab89-5D36
D37,d3951da0-cbcd-4346-afaa-7D37
D38,361599f0-d570-4910-8809-9D38
D39,5c8cb52f-6387-4532-b660-3D39
D40,7444092e-83f1-47c1-a6f3-bD40
D41,bb368f62-6741-40bf-9d32-2D41
D42,e8c3d2bf-938f-40c4-916d-3D42
D43,b8dc9211-815d-4047-bd38-7D43
D44,c129bb30-df0f-4a49-8e62-aD44
D45,e1976f55-b7b3-4adb-950b-8D45
D46,720300f4-9db9-414e-9878-eD46
D47,d2c0f0ed-e655-48d1-840c-6D47
D48,20ba4253-4ddb-47b9-8801-bD48
D49,5769d8f5-016f-43a3-bc9e-bD49
D50,2a9e5de7-8b3f-4722-93ab-eD50
D51,dc83ac10-c8e1-491b-a34b-6D51
D52,1b8f9769-42c3-4fc2-abe5-cD52
D53,31b0d900-95a7-4b1f-99e8-9D53
D54,2bc532c3-5259-4716-811d-aD54
D55,fdbe241f-351b-4ca3-b0d4-cD55
D56,dc60fee3-067c-4c61-9561-7D56
D57,40008cad-a0b0-4618-b7f2-5D57
D58,8811aa13-4f79-4de0-866b-6D58
D59,740c6f09-b2bf-4a4e-a5d4-bD59
D60,b11fd3fd-5912-4f42-a5c4-7D60
D61,36bb4b25-8ee1-426a-ac9a-7D61
D62,04f180c6-f86f-43af-9e1e-3D62
D63,d62e9d0f-f5cf-490a-ba21-aD63
D64,db1817bb-8775-44ec-a9c7-3D64
D65,afbdbcfa-cb62-4b07-a33a-7D65
D66,5c32bdde-1eac-49f4-a02e-6D66
D67,f315d3d1-aa14-4f7e-993f-5D67
D68,a7ee2f99-58bd-4fcb-b00c-dD68
D69,b1e68ad5-fb1d-43c5-a847-5D69
D70,e26a07a1-53b9-43d5-bf84-cD70
D71,4931134c-d1c7-4d95-9dea-0D71
D72,95eee552-97b4-4c65-b001-aD72
D73,d4e58b6a-d5b6-48d5-b1fe-5D73
D74,9cd39942-b075-40c4-98b4-eD74
D75,46548d89-bb52-4fc4-ac8a-8D75
D76,69cf425a-3852-493d-b1b4-aD76
D77,a8397f64-4b19-41e3-abe1-5D77
D78,e8cdee7e-6c49-487b-8b12-2D78
D79,e4ac9c75-e379-4799-bb1a-dD79
D80,b57f9a47-5f50-4cd1-8a11-1D80
D81,b19bac33-70a4-4452-baf8-3D81
D82,8004ec5b-512e-4d85-a3e5-cD82
D83,4a62dbc7-e591-4384-a229-cD83
D84,6befde73-5221-484c-b1d4-fD84
D85,76604488-a03b-459e-8093-4D85
D86,d1aab57e-9761-45f9-916b-9D86
D87,012d4f0c-9738-43d3-b9a4-8D87
D88,c1824042-0f25-4e7e-b19a-6D88
D89,d10ad7f3-f954-4c53-97f7-cD89
D90,a230a79e-5132-472e-a264-4D90
D91,948bae8c-fd84-40b3-8744-1D91
D92,7209a008-2782-4453-bf5b-bD92
D93,82effdc8-843f-4c3c-8c7e-5D93
D94,2d769309-9a43-4ba7-b8db-eD94
D95,864f8a3b-add6-480d-91e9-1D95
D96,9d2ba4e2-d607-4cc8-9c77-9D96
D97,c6965b1a-af7e-455e-a3ed-9D97
D98,d3d27bd2-14dd-4b44-b2ac-4D98
E10,fcb62b24-c622-407d-af7a-8E10
E11,5c43bf77-5533-4783-bc77-6E11
E12,23115e22-be63-4278-9dd9-eE12
E13,ef156ef3-2d2d-4632-8c2c-dE13
E14,f9601ba2-514c-4062-9d18-bE14
E15,318790f8-53ee-4ba1-b31e-0E15
E16,717573d2-2e52-482a-9b3a-0E16
E17,16f46f02-19d8-4da6-9f9a-bE17
E18,3c788ab0-257a-402f-aae5-9E18
E19,3f8cf8e7-57b0-4913-8d5a-cE19
E20,df37cd49-401c-4132-a3da-2E20
E21,259b85e9-f2da-422d-ad79-8E21
E22,c6d2ef85-d6f9-46e8-ac3c-5E22
E23,e9f1ecde-dab2-4ca7-ad34-cE23
E24,02293013-0c75-4ba6-98c7-bE24
E25,5c257caf-1974-47bd-bcbf-1E25
E26,d4d14390-b77b-449f-a7a2-0E26
E27,48da30a3-950c-4fd6-9426-bE27
E28,756b587d-7385-4811-ad7a-4E28
E29,717ebb58-9240-49c6-a69e-cE29
E30,71d97cd4-fcab-4d0d-8e59-8E30
E31,eb557c60-4026-4c71-8828-2E31
E32,77c41535-a04d-49eb-a44e-8E32
E33,f22570a9-aed6-491b-b3c7-9E33
E34,6ca49039-67b0-4669-a8b9-7E34
E35,0c90e9f8-6ed0-4bcb-b4d1-cE35
E36,75d6bac8-9152-43b8-ab9a-7E36
E37,d880d312-045e-4adf-9d83-eE37
E38,86923f50-d680-4355-be9d-9E38
E39,2faf9f24-05da-4474-9e2d-bE39
E40,59260431-4845-44a7-819d-eE40
E41,5408e84b-cbaa-4780-b30f-aE41
E42,381cc1a5-22e9-4580-a6a9-fE42
E43,dfd94fca-b557-438e-b9e8-6E43
E44,5fcfb81a-75d6-4a0d-a41f-4E44
E45,673e9388-3761-46d7-9490-cE45
E46,40387cb3-89cd-4d13-983b-1E46
E47,2d4351df-b942-40ec-b278-6E47
E48,18d20c64-bede-4dde-b0d6-6E48
E49,d320cbee-69e5-4a16-83f2-5E49
E50,b1c2f200-5925-4c02-b8b6-aE50
E51,4a9cc428-abc1-4aa3-a495-0E51
E52,30bd7eaf-93f0-45f7-ad1b-1E52
E53,4665f35c-1017-4428-9b66-9E53
E54,434f819f-c141-41ca-b9e3-fE54
E55,2b14065d-1740-43d4-b30d-9E55
E56,07dc230c-b6db-4b38-a14c-1E56
E57,bf6dd544-e551-4be2-8b75-9E57
E58,61a16d3f-2a59-417c-b016-5E58
E59,bba5c677-dc9e-403f-b791-9E59
E60,f42db380-1fd4-405a-bef3-cE60
E61,b4722854-0aa5-4be5-8c70-cE61
E62,39f6ae6c-c728-4535-a17f-1E62
E63,eaf299b5-ee1a-48bf-b6d6-1E63
E64,81ceee7e-5fea-4ece-a0b4-1E64
E65,07d9d280-02a3-4b4b-897a-8E65
E66,fd29ea06-c5dd-44d8-b48b-aE66
E67,8bbb42f0-e784-4df5-ab7c-2E67
E68,278680e8-f19e-4893-b78a-bE68
E69,c10ab573-1e44-41de-90c6-5E69
E70,99e6812d-6dbc-4af5-bce9-eE70
E71,30febf08-475b-454b-ba46-eE71
E72,d13639e5-1971-43cf-8e4d-eE72
E73,b97401d8-b961-463a-be48-fE73
E74,21a0deb1-2840-4c69-9473-fE74
E75,3614d1d2-94cf-4834-ac87-eE75
E76,c4f2be5a-6184-4bec-86b8-dE76
E77,4a364c82-16ad-4c06-bd4e-2E77
E78,88f677d7-6711-494b-8268-0E78
E79,9ed9e4c6-a71c-4226-80e5-9E79
E80,0c1ad340-5ebd-4e41-8606-7E80
E81,926da8af-3bc0-4190-8f72-aE81
E82,72d143c6-102b-46ee-9f53-7E82
E83,288db719-b97b-43a9-be12-1E83
E84,d4a99e5b-b761-47ad-b82e-cE84
E85,7d86c35f-4f4b-4e45-a4d7-5E85
E86,35448ce3-6db1-493d-a912-4E86
E87,0bfd6b45-68df-4723-80e6-0E87
E88,5959aa78-979b-4bbf-b299-5E88
E89,989497dc-eeaa-4f40-bb5b-8E89
E90,8f72403e-f7c6-4d3e-bf40-6E90
E91,1540bb4f-1d8e-4f3a-a3b5-dE91
E92,1206ec25-a70d-4566-bbf0-aE92
E93,2734d386-0188-42f2-a10e-3E93
E94,aa22d5ae-13df-4dd7-b4ae-aE94
E95,f64ea316-5f5f-4e0c-b0e5-fE95
E96,d2f01e63-7407-413b-968a-dE96
E97,4eaae24d-ac12-402b-b7c2-0E97
E98,60ccf8f1-79b0-40c9-a2e4-1E98
F10,cc1e392f-99b4-486b-899d-cF10
F11,67c96e30-2a0b-445d-a91a-6F11
F12,9706ce6f-ecfb-488f-aba1-5F12
F13,a28d8899-5e6b-4fd4-a064-fF13
F14,12cd079e-e859-4eab-a122-bF14
F15,e08af9c5-7440-4c85-a809-3F15
F16,9a7c9ba9-a70e-49fd-98d5-0F16
F17,5f9c776a-793b-4c8a-b630-cF17
F18,5d2dbaeb-519c-4569-a21b-fF18
F19,0ab49d75-a894-40c5-b27f-0F19
F20,8c684107-8ff0-49ce-a25e-2F20
F21,90980535-51f1-4c5d-8dd2-1F21
F22,2b97b2d5-e3d2-4f2b-998b-eF22
F23,d02fae71-bf33-449e-a63a-aF23
F24,bdfa040c-f865-435c-b9f7-8F24
F25,90a5cbc1-7f61-415d-bc23-aF25
F26,8f531a81-8d1f-41de-8b28-8F26
F27,312b3750-32a1-487d-995f-fF27
F28,6ddbc80b-3d1c-4ad0-8a92-9F28
F29,de491289-f392-473f-ad1d-4F29
F30,6e7e6c57-b56c-4b26-87b8-0F30
F31,52a0a1a8-2ff8-4263-8495-1F31
F32,49a8209b-8bd7-440f-bb45-dF32
F33,f158444d-7c9b-4b53-833f-8F33
F34,b511b268-2360-4419-9d17-6F34
F35,4250f443-a2ed-4f3f-8e4b-0F35
F36,827ad0e8-9332-4e25-aa0d-0F36
F37,ee47bad6-533a-4b62-bee3-fF37
F38,b0a1dd4f-cb6e-4404-9313-8F38
F39,90f96bd6-ef78-4cec-b806-aF39
F40,c2ffc552-bb10-42b4-9a99-cF40
F41,78f7ed9d-8dec-4b9d-8a89-fF41
F42,24957579-96e7-423a-b7e4-dF42
F43,8445387d-edfb-47d3-b286-eF43
F44,486ac752-a639-4b96-af43-bF44
F45,e4a69fa5-8e93-47fb-baff-3F45
F46,6cf03721-f713-4765-b2a6-cF46
F47,eb827494-3270-483d-9249-6F47
F48,b31caf82-e332-4ea1-8ced-aF48
F49,4c3b7802-0879-4666-be03-7F49
F50,bf55f069-24ef-4f59-b91c-5F50
F51,5d5a51b9-2499-463a-9d4d-9F51
F52,ffc94748-42f9-4095-9611-eF52
F53,dc6013ec-4dc7-43e2-9b3e-bF53
F54,d83b0f22-f530-400b-8483-4F54
F55,1d4539f5-7afb-4968-87c4-9F55
F56,9f406afa-ae8c-412b-a7b2-dF56
F57,04f5191f-4995-4a17-b0f4-0F57
F58,f233a2dc-4f2c-4add-acba-dF58
F59,1bf76437-b079-4fd9-9325-7F59
F60,da0809e7-9d22-4723-afce-eF60
F61,040aed2d-ef05-4092-835f-6F61
F62,4ccbb4c5-a60c-4f4a-9e86-5F62
F63,533c2ba3-80f2-463e-9544-7F63
F64,4d93330f-c3bb-4c3b-9d1b-3F64
F65,8d7f3198-55c3-4eb4-8067-aF65
F66,2c7d9752-2d78-451c-9e73-aF66
F67,48534234-ebcb-45b9-82ce-5F67
F68,ff29e268-6029-4584-9a34-3F68
F69,f3ac27ab-90a3-48a5-ac35-7F69
F70,15d909c7-f24b-4578-a26d-1F70
F71,8630691c-656c-42c9-9d61-6F71
F72,65f30beb-c26f-4f4a-baf7-2F72
F73,788b917c-5e65-4b9b-aeeb-aF73
F74,6b35e08f-8f24-4546-92db-7F74
F75,54204ef8-ffbb-4da3-878f-dF75
F76,74f5061b-4a38-4e6c-a0da-6F76
F77,32af1bb0-8d4a-4bd6-9597-aF77
F78,ed5ddafc-b94b-4667-8bd1-5F78
F79,39697ca5-be80-4035-a4ed-4F79
F80,5f261d5a-03e3-4b21-afcd-9F80
F81,8b474fad-b0ef-4460-96e2-6F81
F82,f183ba86-d209-4b80-b731-eF82
F83,05fa8588-8b11-4ef9-ace5-0F83
F84,32018d82-71c4-4b2f-88b9-dF84
F85,016819f5-8baa-459b-a167-2F85
F86,0b60a71f-d9f8-4fc7-87e1-bF86
F87,4ff2d332-f07f-47e2-9714-dF87
F88,b302aa28-315d-4625-af69-6F88
F89,93a018c3-ffe4-4319-af14-7F89
F90,683b49bd-07b3-4f80-83b1-cF90
F91,af4d4eba-a073-456f-93c1-5F91
F92,d45ecdde-f1bc-44de-a3f5-bF92
F93,ffb74aaf-c36b-44b6-a433-1F93
F94,479f2d92-ccdd-4db5-8f97-3F94
F95,db1d22cc-df69-4bfa-aadc-dF95
F96,d6744bf6-f619-4797-a20f-5F96
F97,dc9c7bf6-9288-466a-9411-6F97
F98,d17454f7-669e-4b54-9d73-8F98
G10,6aa5a2a3-a97d-4cea-bde1-cG10
G11,544854e2-209a-4367-bece-bG11
G12,27a66f3e-2d54-46cf-aa9d-2G12
G13,7120e6c6-01d5-469b-a7d8-5G13
G14,deeac212-9105-4a2f-98b5-8G14
G15,66bdd09a-efae-4fbb-9e69-0G15
G16,ca6d278b-47a0-496c-bff2-dG16
G17,82c1c44d-eb34-488f-95d4-aG17
G18,f2fc5ed5-2bb5-4d6e-957e-9G18
G19,ccdc541c-6325-4adc-ad47-eG19
G20,75e28efb-1fd0-4981-95cf-cG20
G21,9bd9f251-0a1c-4cbf-99a8-7G21
G22,9a09b59a-4464-44b0-9343-8G22
G23,45c34dc7-9a18-4dd7-9d93-5G23
G24,abaa4fa0-15d5-46bc-92f8-0G24
G25,d212df9b-0b03-43ee-8603-1G25
G26,dd0bd874-5e45-4186-aa0f-4G26
G27,1b158657-e24a-4a7c-9337-6G27
G28,5ffd1a55-3a86-4c0d-9081-4G28
G29,74bf923b-fdd9-486a-988b-eG29
G30,53697411-7923-4daa-a448-7G30
G31,9881269b-2536-4491-abf7-0G31
G32,f5c149cc-1231-4371-adfa-8G32
G33,0adf11d4-77c3-4b9f-821b-8G33
G34,4a2fdfb1-d3f1-45fb-b60b-4G34
G35,33441b07-b389-4bd8-9e32-eG35
G36,1c509c37-a736-472a-8866-8G36
G37,676938bb-c420-4c9b-a51a-5G37
G38,1bc700cd-02bc-4e43-bb42-9G38
G39,20fb55e3-eee5-49fd-aede-2G39
G40,647c2d10-f9d8-452e-9c5b-aG40
G41,d2e98a00-4b6f-4f83-ac33-cG41
G42,52305301-50af-4251-a25b-3G42
G43,f9991a9d-bbbc-4d8a-85fc-1G43
G44,6bd730d5-788d-4659-8322-7G44
G45,cc735312-a3fa-49cf-b65f-0G45
G46,3be6a10d-cca3-46e6-ad89-5G46
G47,0b1f00ca-c454-44fd-a1f0-cG47
G48,82ca0e7c-3084-40c6-bb6b-3G48
G49,5eed27f7-9bc2-47d3-b57d-aG49
G50,06e0dd04-f7f5-431d-b73c-1G50
G51,2df4d245-07fb-4ac7-893c-cG51
G52,de8c52cb-bf71-4c4e-8f63-6G52
G53,0174ee3a-5cca-481b-9ff0-bG53
G54,94315159-7938-41a3-83e9-6G54
G55,5a24015f-13bf-44ad-aef4-5G55
G56,1da4e9ff-2dfa-494b-8811-cG56
G57,2f6976f0-80de-4738-81e1-aG57
G58,27cbfa44-6174-4338-b867-bG58
G59,278d2d69-70a4-4462-8024-2G59
G60,3dc0049e-1be0-47ed-b328-cG60
G61,69d990b3-9761-4330-b7f6-2G61
G62,1ef5519e-9acf-4508-b6ab-3G62
G63,cb093365-c981-4ee0-9547-7G63
G64,383b2bbe-3e74-4aa7-81bd-6G64
G65,76581d95-6d32-4640-9bfc-3G65
G66,be33ade8-f82b-4c4d-93f7-1G66
G67,6e4b1da7-bd3e-4eb7-8435-2G67
G68,325c44b8-7576-4eee-b746-5G68
G69,ae98c6a8-01bf-4bf9-ad55-0G69
G70,3d3f6148-2d99-4ce2-982f-eG70
G71,78d5f0ed-1699-42ee-b39a-fG71
G72,574c9f05-9c43-49c8-9a8c-0G72
G73,b3281374-6c1b-4bd9-9dfe-0G73
G74,0b33b2a2-8ac2-4bff-befc-4G74
G75,a412c010-bd4d-4ece-9acb-2G75
G76,34bf6cfb-da03-4f53-9dd6-4G76
G77,f8188110-fefb-461a-aec2-eG77
G78,45498010-3d18-4eb4-a949-dG78
G79,13aae9d0-fcc7-4a4a-96b4-8G79
G80,2fe156e3-088e-4b63-b8a2-bG80
G81,e3d92844-7115-4fc4-85c2-6G81
G82,01b4cf0b-e43e-4851-93ee-fG82
G83,d72a8987-2499-4b00-994b-aG83
G84,f5313e6c-fe5a-4bd8-ab31-8G84
G85,a4a71cc7-ab85-40df-ac0b-6G85
G86,05552a32-8f09-449d-8c36-cG86
G87,36b52200-494f-49f3-ae54-aG87
G88,6641b100-dd4e-4d8c-9af3-aG88
G89,2aea952d-2642-47ca-b20c-9G89
G90,5129aba8-cdf9-4278-992a-dG90
G91,af7e2c6f-1c53-46df-90a2-bG91
G92,d6a97c58-1fd0-4f41-bbb5-1G92
G93,13775434-642f-492f-a07e-6G93
G94,db01e777-b6b7-42c2-8d2b-2G94
G95,e640c4d2-e830-4964-bbf1-1G95
G96,1a328a0a-3541-4ef6-bb8f-0G96
G97,6736aacd-da43-4877-b653-cG97
G98,ad96e554-fa5e-40f8-8ffe-7G98
H10,9d167d37-cbe1-4169-8630-0H10
H11,c462a8af-1296-462f-a81c-6H11
H12,01857c96-4b5b-4ad9-94b2-fH12
H13,3ce21b10-593c-4e51-a4b0-9H13
H14,abb40ec5-eeaf-4017-aaa8-dH14
H15,06cc94c8-1aa6-48e2-8bf1-3H15
H16,28f55e2e-09eb-4789-8320-9H16
H17,23629b78-81b5-42e8-8e8f-dH17
H18,64a06237-638b-41b8-96b1-3H18
H19,41a218cd-3093-4d94-8019-aH19
H20,5cca73d9-b693-44ab-aad4-0H20
H21,1a7ba147-6d70-47b5-a19f-0H21
H22,789b6c80-6c5e-4ad9-a112-9H22
H23,8ca1abff-0f7b-491e-8c7f-3H23
H24,891c6aff-48c0-4c9d-a3f1-2H24
H25,aa2ff8d0-23a0-428e-a74e-5H25
H26,6b5fe03e-0bb6-4ced-89e2-9H26
H27,14de22f8-6622-4941-9d1b-fH27
H28,330591d1-c2f2-41b1-b3ed-5H28
H29,67ad0a9a-8cce-4ab3-9d57-eH29
H30,1427f2be-8ca7-4e8d-a5c9-3H30
H31,f993ea42-7258-46d4-8930-2H31
H32,e79b0aa6-e009-42c3-9a60-2H32
H33,15d03ad5-578e-473b-9ffa-fH33
H34,297dd28f-0f11-4acb-af3a-9H34
H35,9589dd12-8fd8-4464-ab06-eH35
H36,e3bbeb31-2f3f-46f6-82b1-bH36
H37,9eae25e5-7bfe-414b-820b-bH37
H38,d4107765-bd98-4908-acf5-6H38
H39,940725ac-23c8-46f1-92e5-bH39
H40,a4e02ef4-06e3-4985-ae2a-7H40
H41,a001021c-6389-45ac-8724-dH41
H42,755682d1-b3e8-421c-ba99-aH42
H43,dd288e4a-3f26-43ce-a190-1H43
H44,d80883eb-ae28-4f8e-bce0-0H44
H45,be1d55d2-69d3-4545-b5c3-5H45
H46,dca24ee2-4362-4f5e-b70f-cH46
H47,19eb5a0d-3d5c-43e5-a425-5H47
H48,345ab848-3acb-4d53-9c96-1H48
H49,920a5153-0a59-486b-b15d-3H49
H50,1c2c3567-fec8-4986-b44e-3H50
H51,7cde120f-044e-423d-b162-2H51
H52,b20b8220-5fef-47f4-983e-fH52
H53,a16a44a5-b7d9-4a5c-9a59-2H53
H54,7ddc5a26-47da-4260-baba-3H54
H55,0ef4ee65-db97-440f-a33e-4H55
H56,e18ef045-0371-4012-8eaa-5H56
H57,2f39a08a-1100-40ee-89c9-aH57
H58,d204a366-ecc0-42ae-8922-0H58
H59,7635c761-ab18-4da8-a847-2H59
H60,cad3c62f-d57e-4881-9637-8H60
H61,4dd53660-00f3-4203-b8d8-8H61
H62,fbaccdaf-e0c6-45a5-acd4-bH62
H63,66e750cf-19f4-4975-a748-cH63
H64,2cd95c3d-0542-4fd2-8407-eH64
H65,fa3285e8-5ee0-40e7-bd8b-fH65
H66,cb4ab30b-4b6c-4a5d-b7e7-0H66
H67,aa56d336-7962-4a33-a61c-4H67
H68,80bed672-e9ed-445c-b19c-aH68
H69,b1a36b26-f287-4fe8-b3c2-dH69
H70,dfcfc2b4-a0c7-4a93-ac68-2H70
H71,90f30893-42f6-41e1-ba36-6H71
H72,6fab5976-da88-42ab-84ac-aH72
H73,fa6ffd3b-552b-4218-9457-7H73
H74,84189e59-d07a-420e-b7fe-eH74
H75,8ce04c96-d16b-44bc-a405-9H75
H76,38674cda-fced-4ba0-8c4a-bH76
H77,2eb61d9f-2849-44df-b311-7H77
H78,c7df92a9-4647-4ed8-8e31-fH78
H79,08617aae-a8f1-4295-9897-fH79
H80,53b17a70-2d91-47ca-9897-bH80
H81,f9a9a2a5-898c-464d-8a6e-cH81
H82,a92799b6-b0b6-454f-80c1-cH82
H83,6caa8f57-536a-430b-b1fc-5H83
H84,32cf916f-669b-4dc7-a29d-cH84
H85,3a434994-28af-460e-8963-2H85
H86,c882d0b4-82d2-4f67-8a8a-1H86
H87,83805b94-39e0-4df7-89e9-3H87
H88,4b0620c0-a4e9-42d5-92ae-4H88
H89,054094e3-22fc-4aec-806a-dH89
H90,1961293b-6240-4c7f-99d3-9H90
H91,c7847818-fa3c-4ab1-9e0c-aH91
H92,36c28347-c173-4f36-a10d-0H92
H93,ef730036-c7d0-45b1-a488-cH93
H94,3c69793c-c3cc-4a3a-b1a6-9H94
H95,f7123f02-5c5e-427c-89e8-cH95
H96,2df0b304-da0a-4c06-bb7a-7H96
H97,b4c4b06d-eadd-4c83-baf2-4H97
H98,a901a92d-cc24-4fa9-92f1-0H98
I10,835220ae-92a4-4626-9722-aI10
I11,e54c9a5f-6827-45c1-8ac5-aI11
I12,4a6809fe-dfef-436d-b606-2I12
I13,746f1e15-7ab6-4b44-adb1-cI13
I14,81c9f1fb-766c-46d3-bda0-6I14
I15,c8cd0c12-735f-4cbf-906b-aI15
I16,a885a5c8-36d9-4a8f-968e-8I16
I17,bb3e739b-8843-47d7-b548-cI17
I18,97b96c33-b4f8-4675-9fd4-4I18
I19,38a2136b-55c6-4e75-bb19-dI19
I20,4775ac95-85f7-472e-bb59-7I20
I21,f6b306ae-dd69-4b02-b9c4-8I21
I22,975cfcf0-46f9-4813-bac3-aI22
I23,eb6fd9bb-c8a1-4e2c-8c6e-6I23
I24,13b1b399-9dbf-47b0-a099-1I24
I25,4b0eb632-063c-42a6-9723-6I25
I26,67a58ef5-a5a2-4253-97b0-bI26
I27,4a40ca30-afc0-4a2b-85a7-1I27
I28,89866e35-5417-438b-9aab-aI28
I29,2f681edb-fad2-4c50-837d-fI29
I30,f54f242f-f869-4e71-bf1b-8I30
I31,10bd2b72-6fb8-45f5-a091-7I31
I32,75a5de5e-ed9f-4244-b06b-fI32
I33,65b765b7-224d-455e-9d9e-1I33
I34,b7319081-fbe2-4755-b83c-1I34
I35,cf4d51bf-297b-4a88-9ead-cI35
I36,40efd12c-8778-49c2-bb0f-8I36
I37,fa8f2dde-b6fc-4ba1-a00b-bI37
I38,7ba81fa6-8f0b-4b1b-b381-6I38
I39,48360efa-0371-4cb8-9875-0I39
I40,dcef07f4-c859-4acc-b97b-6I40
I41,3fdb3fcd-fe7e-4417-aaae-5I41
I42,d7a4a408-6e5f-44c6-b525-aI42
I43,86046c06-18a6-4e3d-8040-8I43
I44,e4df91e1-1f4e-4a8b-a2be-fI44
I45,1192477d-493d-40fb-9ede-7I45
I46,cff83256-87c4-465d-83a1-6I46
I47,961819f5-8c4a-454e-8b73-bI47
I48,a2b242d5-0f3a-4730-981b-0I48
I49,d697bf5e-55fd-4d9d-a263-bI49
I50,5d0cee11-cec8-46a2-ae99-eI50
I51,936025aa-5331-43e9-a5b1-bI51
I52,efca219a-6c16-4308-b5e4-3I52
I53,4d1015ff-f047-4137-bff3-4I53
I54,3dc05507-d1af-4c60-9815-cI54
I55,f3aba657-bac5-42e0-99de-9I55
I56,79f6732b-a059-4d11-ade0-bI56
I57,ebc0f47a-3dbf-4d46-8222-4I57
I58,23bee3f8-8c25-4235-984d-8I58
I59,bd36c007-4748-46ea-8638-6I59
I60,860572c5-a85e-476e-bb60-fI60
I61,07e901da-7ed5-49c8-87f1-cI61
I62,c5f2b590-9310-4028-bd28-7I62
I63,edf66eb3-fd58-46ff-b53d-9I63
I64,259c62e9-591e-49b8-b1a0-2I64
I65,68444eb7-8708-4fdf-894e-0I65
I66,c5d01987-50eb-471f-aa63-3I66
I67,1f8ab19f-2e45-4b2a-9d31-bI67
I68,1997c1b1-bc17-4d87-8387-eI68
I69,915dc6df-bdcf-4b7c-ae49-bI69
I70,62db53e6-f311-44bc-8412-9I70
I71,b5efb620-c05f-4bc8-8b47-7I71
I72,2d38493d-6b2a-4ae3-8a7a-4I72
I73,7adae65d-5ce2-4c39-a433-7I73
I74,fc1ec847-2800-4d58-88d0-3I74
I75,1f834e95-e37e-42d3-be3a-4I75
I76,34095209-bb7d-4810-8743-1I76
I77,2913c863-90ce-424e-b2b6-5I77
I78,c6074a93-cc8c-4f3e-9109-8I78
I79,0ae98bc0-a24b-4012-baf6-7I79
I80,1469c05a-8eb9-48eb-8d94-1I80
I81,e676132f-a016-4941-b352-1I81
I82,cd6ed429-ddbe-4f52-b9ad-bI82
I83,ec532c9c-3f7a-4f24-8f99-0I83
I84,202a3ff4-294a-40da-bd58-0I84
I85,3905dcd6-d1e5-4d4c-952c-2I85
I86,0781265e-a747-4384-84dc-eI86
I87,a963f501-cea5-46ff-83de-dI87
I88,2d1f0ec6-d216-4acd-a3ee-4I88
I89,ab22ee5f-48a6-4f75-b555-5I89
I90,eaded187-606b-4fad-9492-7I90
I91,98920cb1-e0b7-4d33-9d85-0I91
I92,3d43e51d-e322-4d09-bac9-2I92
I93,cebb36f3-d1ec-4265-9470-3I93
I94,b2087718-f8de-4656-903c-5I94
I95,3e672cd4-675c-4939-bdcf-eI95
I96,1966f2e4-67b1-4d50-b0d5-bI96
I97,20370164-ffd5-4b20-818c-1I97
I98,7f4e41f1-ef3c-42ae-9483-6I98
J10,c9c42adc-bab9-42b1-a19e-fJ10
J11,62c53d2d-5ec9-473a-abf0-6J11
J12,aa703e19-6eeb-48db-94e0-cJ12
J13,8519085c-8365-4d0f-87e1-6J13
J14,47ef7384-d0fa-4770-9a0e-9J14
J15,043eca09-9e8a-4912-b89f-0J15
J16,f6a06c4e-f382-4274-a85e-9J16
J17,cd26934a-feaf-4092-ae5b-4J17
J18,9d4aaa64-4610-466a-acdb-cJ18
J19,69571793-23ce-4174-8135-3J19
J20,d032aa7f-ef84-46e8-ab55-0J20
J21,5afdc775-b965-4230-9472-0J21
J22,ec0222d7-fbda-49e6-b329-cJ22
J23,512ccb85-9de0-4418-95fd-3J23
J24,60a1ad32-6cb7-4a03-9eeb-6J24
J25,c3b77937-799a-4da5-9bd9-7J25
J26,81fc9989-5d4e-49fd-93c0-bJ26
J27,481d2802-6356-44b6-ad72-3J27
J28,78a7fc1d-e4a6-414e-9762-5J28
J29,4b24edf0-a7d9-4fe1-b48a-bJ29
J30,3fdcd652-ebce-4dab-9a40-4J30
J31,65c783e8-a178-4835-89b7-8J31
J32,ead74785-553e-444b-8c67-6J32
J33,1237fe26-1237-49fe-a5c2-3J33
J34,f7ab9268-cfd1-4319-ae44-7J34
J35,ee0a00f7-3860-448d-aa1e-8J35
J36,49390156-3447-4b99-9347-2J36
J37,bb859803-2a36-48b2-b1e5-4J37
J38,f0b58a80-f285-470b-acf0-6J38
J39,566837fd-61cd-457e-a416-1J39
J40,233094cc-0f07-4da8-90d8-9J40
J41,50ec501a-2e0a-4b6c-859c-2J41
J42,3caad1ed-365e-4ce5-8c5a-2J42
J43,a32d9214-8f1c-4f8b-bce7-9J43
J44,015eef06-d141-40fe-906c-cJ44
J45,1c67d338-7474-4f06-a3a6-8J45
J46,000b72cc-3afe-4509-a4fa-bJ46
J47,1b4238a0-5c15-4a30-bff8-2J47
J48,342258f3-6013-4ae7-b65e-9J48
J49,22526e58-1865-470d-95c5-bJ49
J50,846343a1-435b-4ef2-b002-1J50
J51,e8f3b248-49a1-4eec-9082-4J51
J52,86822af8-d102-4977-a22b-4J52
J53,ebc8298f-ecdd-4924-8414-0J53
J54,d85a4c2b-9082-4ac7-88e0-1J54
J55,d1380bfc-d036-482b-a4d8-2J55
J56,b69af24a-ee09-479c-a69d-3J56
J57,1d68dc67-7d0a-4f48-8cf4-3J57
J58,18c78d1b-23cf-414d-9d1b-3J58
J59,8755a567-06be-4bf9-8b4b-7J59
J60,5769c5f9-e3d5-4744-a731-0J60
J61,d12b4d48-b76a-4cbc-9651-fJ61
J62,21b00d3d-17ce-4a6e-a58f-5J62
J63,beb05383-bd98-471c-a55b-bJ63
J64,1ec89b0d-95d7-420d-8a64-4J64
J65,813a7900-172b-46e5-9684-cJ65
J66,b5aec876-f7ba-492b-8412-bJ66
J67,bca61294-cb61-47bc-b911-8J67
J68,ece05feb-d454-40f1-b5b9-bJ68
J69,44c9377c-157d-469c-a2f2-5J69
J70,cc09ba82-8d8a-4c7c-9d23-1J70
J71,ec204102-854a-4cac-bc81-6J71
J72,15948db7-8d33-4e43-976a-2J72
J73,8291ae4e-525f-4636-9d7a-aJ73
J74,109d46c4-25a5-47cb-a8fd-8J74
J75,cdde7e6d-3d05-4b30-86af-8J75
J76,02ae16d0-59e2-4f1f-adc9-6J76
J77,11fbcdac-cf6e-4bc2-b256-7J77
J78,7b008025-102f-49f6-a809-aJ78
J79,faf7ee66-d964-4746-8cb7-fJ79
J80,72e4ba58-bb5f-451d-9256-2J80
J81,43904dc6-71f1-4187-bb1d-fJ81
J82,3f9b835e-88ae-4cdb-9c08-6J82
J83,9efc6660-5074-49bf-907a-5J83
J84,725fcc7c-eeb5-48ab-bc3e-6J84
J85,467275cf-f457-4026-84b7-dJ85
J86,5a546a05-7856-4f5c-a2c9-6J86
J87,1174d402-5b32-403b-a44c-7J87
J88,5fe32413-5cf0-47c2-bbb4-aJ88
J89,45fe290c-94fd-49f1-8d2d-9J89
J90,42651a61-2688-47f6-b1c0-fJ90
J91,252f09b9-1fa0-4232-9db8-8J91
J92,d650a3fe-71e3-45b8-aeb1-4J92
J93,8a3ab3a7-2095-4658-a5df-6J93
J94,d03c5388-71eb-47fe-af76-2J94
J95,711c5768-5886-44c0-bec0-1J95
J96,73c6acbc-9e60-48d0-875a-aJ96
J97,a40a8e3d-ec76-42ac-9f1e-0J97
J98,4da47433-c6d2-4209-a6b6-eJ98
K10,b538c24b-5623-4ae6-830d-aK10
K11,cf052cbb-615d-40c6-bef7-eK11
K12,3ae2c9a8-1b34-4547-a349-0K12
K13,988ce709-0f7d-41e3-9e3f-6K13
K14,af9a76bf-f9cf-48af-a4a7-aK14
K15,10b0a06b-4037-44bc-a31f-7K15
K16,8b38e9cd-d780-43dd-8d54-dK16
K17,cbdf3a47-31ff-4820-920c-1K17
K18,e7d28a5d-9e82-4af8-968a-5K18
K19,357a97cb-8be6-4d6e-b5ed-aK19
K20,d7b677ee-f099-4b32-bcd7-fK20
K21,11c88f3e-48e1-4751-832b-3K21
K22,3bf18cb7-859b-442c-86af-2K22
K23,4790a8df-68a2-45f2-9645-aK23
K24,9e752dbf-863c-4f11-9372-6K24
K25,bd228807-4ad5-4bab-9fef-dK25
K26,1bc0d654-e308-4ac2-be11-4K26
K27,32b3c624-e8b2-4e27-8e88-0K27
K28,bdd4c720-0161-41b3-9c63-6K28
K29,2dc5a0f3-a9cb-43d1-851e-8K29
K30,cae846db-3d55-476c-b631-0K30
K31,1d3ee69f-78b5-4688-a210-6K31
K32,19416c9a-47f8-4bef-b20f-cK32
K33,f716ad30-4371-46fa-a20b-fK33
K34,c1b419ae-504c-45d3-8dda-cK34
K35,496d454d-547a-4cc5-9463-cK35
K36,ab7c3335-f1b8-4e47-bd3c-4K36
K37,5c85e27b-0145-45b8-881e-4K37
K38,6f850cc3-480c-4954-b5a2-0K38
K39,9bf6765e-3519-4ead-a79a-fK39
K40,c1e2a3ca-a744-433b-afa5-8K40
K41,41b3e855-c610-418f-baea-bK41
K42,012263bd-43e4-41a9-a6a4-fK42
K43,c38fdca3-ad2c-4c43-bf0d-9K43
K44,84e76e6f-c0c7-498e-9f18-8K44
K45,43a354ce-8c4f-4dd6-807b-7K45
K46,48da2929-70e6-4b4e-a753-0K46
K47,944cec4b-8478-4731-91cc-dK47
K48,149a40ae-7ae1-45ab-bf9f-aK48
K49,b5646c75-efee-4d15-a8ed-9K49
K50,6149c946-758f-4f5b-b04c-6K50
K51,0f96c589-5de2-4c9f-bcbc-7K51
K52,71e8ec6b-cab9-4fa4-b967-3K52
K53,cf4b9668-9e8b-476d-82ec-dK53
K54,d0fc0751-cdaf-40d3-90f7-3K54
K55,71480695-6f63-4ab5-8d15-bK55
K56,023231de-78a3-4bca-804a-cK56
K57,5b9ea999-d3c4-454f-8e3a-eK57
K58,fd3b5b95-ea0d-43ed-b989-eK58
K59,9e66c740-8b99-46dd-a5b4-9K59
K60,1d0ad079-a606-47eb-888c-fK60
K61,5c515940-2649-4a22-a94f-4K61
K62,3fe3dd35-772d-49d1-959a-eK62
K63,8b9f242d-a16a-4d19-a530-dK63
K64,e86b7fe3-937d-4cd7-a088-eK64
K65,c2eeade0-8fc4-40ca-905c-3K65
K66,63efaa62-0f72-43a7-a46a-2K66
K67,68563cad-8179-472d-bc21-fK67
K68,e4bd1c1f-6044-4f05-a6b2-3K68
K69,54712139-e809-4e33-80e8-0K69
K70,2b9fabb8-b19a-401c-b761-bK70
K71,1105ee46-0dbe-433e-bbd5-dK71
K72,6cbb6dd4-8a59-4d95-9172-5K72
K73,738c3ddf-119e-4f85-be45-dK73
K74,382f3be6-e2f4-4a75-aba6-dK74
K75,0a02063b-5ee9-414a-92fe-5K75
K76,723c9453-89a7-4a10-9333-cK76
K77,834d5d4e-6200-4b93-911d-dK77
K78,d881d488-08bb-458c-92dc-fK78
K79,c4b3e73b-5c47-46e0-859e-2K79
K80,81638999-1fb5-4da4-8399-1K80
K81,05fa6ff6-0332-4c13-866d-0K81
K82,b4c12edc-1129-4b4a-a1d3-3K82
K83,e181e07e-c4bb-4eae-94df-cK83
K84,df172b46-8c0c-4f48-ba0c-8K84
K85,89d244ae-c8ef-4eab-bda4-0K85
K86,639a4086-b4ab-436c-8359-cK86
K87,58af2a75-824f-462d-b585-2K87
K88,3c6c1f8d-aedd-407f-bab4-5K88
K89,688257a1-90d9-4f78-9cff-2K89
K90,7b0a985b-6320-4932-9cbe-bK90
K91,451e61fc-1ca2-40a1-8d0c-9K91
K92,6068cee6-912e-4c3e-ac4a-eK92
K93,02facb88-76b1-4a0b-9f11-6K93
K94,d46917c0-d0d3-4836-8488-fK94
K95,e80a20f8-5d17-4ff1-8677-9K95
K96,3370b6c7-bcea-44bd-8112-aK96
K97,e70896b2-eba4-4a62-8639-dK97
K98,566199e5-48b7-479a-8ee7-bK98
L10,7629d889-054f-4d1b-9235-dL10
L11,98b107c0-9eed-4b7a-b6bd-8L11
L12,069b858f-12d7-4288-bffb-bL12
L13,5785f6d7-dcbd-46fc-b4ac-8L13
L14,d53585b6-aa7d-42cc-80ef-dL14
L15,51d546b9-a2d9-4fbf-9aa7-1L15
L16,a2c907e4-0e3d-455b-9c20-6L16
L17,0d2aac88-0262-4646-86a5-5L17
L18,ab0553e3-3ee0-4622-b0d0-5L18
L19,6a6a1e26-81b4-4692-a015-bL19
L20,75609402-0997-4eca-837c-2L20
L21,7d6c271f-d2d2-40e3-9803-eL21
L22,f40e0808-9ff9-49c5-b78f-bL22
L23,0cc4f20c-7f6b-415e-99cb-cL23
L24,2f496926-fd82-4961-a6e1-eL24
L25,0e98660c-cf3f-4283-8c38-5L25
L26,315a60fd-93f6-4e10-a249-cL26
L27,5a1b8d35-5acf-4788-94a4-7L27
L28,24d26fcf-50ac-4f7e-a1b0-cL28
L29,be04e100-5ed6-441e-a035-8L29
L30,bad1d7f5-91e6-4d92-9557-0L30
L31,66bd1e40-1bd1-44e2-a199-eL31
L32,e17868ce-5057-4846-a685-7L32
L33,4c29eeca-78f4-40f6-bbed-cL33
L34,46bb3c1c-3a83-411e-a8eb-4L34
L35,919ff79c-14d2-49dc-bf1c-4L35
L36,e1bc7e34-313d-443b-bd63-eL36
L37,25a71b69-0dd1-475b-a8d6-7L37
L38,385d97aa-7371-476d-a7b4-dL38
L39,9933cd00-1164-46e4-928e-aL39
L40,eecb7842-60c6-4a43-a040-1L40
L41,e0daf7ce-0edc-4bf8-b0d8-4L41
L42,f41b0542-ca29-45b0-96d9-4L42
L43,97add668-1f7b-4756-9269-4L43
L44,d2bb8205-ea55-482c-ae56-bL44
L45,b34aba3a-e955-4208-9a7b-dL45
L46,dbdf7a59-d941-4716-85d6-2L46
L47,69bf3e99-fae0-4f49-a77e-7L47
L48,d4b1109e-03f4-419c-814b-dL48
L49,ad0c99d1-67e3-436e-a8a8-fL49
L50,6b7282c8-4f13-4223-9a26-cL50
L51,2e7ce49c-51f7-46ff-968a-0L51
L52,e5ee8b78-5b2a-491a-af28-8L52
L53,ae83b1cb-2764-49ba-98bd-bL53
L54,2f6ba38a-2bf1-40c5-bee6-0L54
L55,8e5e2854-f932-4c54-b70e-7L55
L56,233ac0ce-5149-47de-9e0d-7L56
L57,d8599bb9-1340-475d-8554-5L57
L58,bd7723e0-29f0-4c85-b2fb-7L58
L59,7621e914-75fb-4fea-aec0-1L59
L60,81a1d863-6215-4ce9-9e2d-5L60
L61,b9e0f533-19ea-4fd8-b785-9L61
L62,3bb703ba-457d-438e-87c9-cL62
L63,d760e2bb-f9de-4460-8e2d-8L63
L64,8fd4f1b8-3d4c-462a-ba1b-2L64
L65,fc5e96b9-b321-4794-8571-7L65
L66,ffaa46c4-26fe-4014-978b-bL66
L67,16c43e39-5e27-411e-95bf-7L67
L68,771510a5-6452-4db9-914c-4L68
L69,7c653f3f-61fc-46e1-be85-2L69
L70,5a257887-6ba1-45a4-abae-7L70
L71,9f91a9e8-b03c-4e42-8f0c-cL71
L72,eb5bf053-1fe2-45d5-916d-fL72
L73,ea04984a-d53b-43d3-968a-fL73
L74,9346d8c7-96fc-40bc-9017-9L74
L75,b0e0e160-ab1f-4560-8de2-2L75
L76,938e31e7-30da-485c-b8a9-7L76
L77,86e76d58-8d13-48ac-8b2d-0L77
L78,0c89b6af-e563-4652-8ffa-3L78
L79,07ab3721-dbcf-4bbd-987e-3L79
L80,fa84d338-b28d-4116-9bc3-dL80
L81,b4d86fab-f147-4b86-b63a-dL81
L82,7b9f4e7c-a7fb-47d7-9e01-9L82
L83,c0002520-4be7-491f-ba67-4L83
L84,669afd15-7ba2-449d-84c7-eL84
L85,5db63957-6f20-4458-a8bd-8L85
L86,c0aef495-826a-4879-a90b-eL86
L87,0e5165f3-ea63-41fc-aa8d-1L87
L88,c4c806a8-60d4-432c-82db-2L88
L89,1b027020-5b34-46ef-bebb-aL89
L90,4607e108-bc8e-4d5b-867f-0L90
L91,a829abe0-ff5c-4e1f-a39e-eL91
L92,b3313809-efe3-4aa8-aba8-1L92
L93,c05a19e1-3fa9-48af-bed8-bL93
L94,2c49a067-f6f5-4f1d-a8d3-bL94
L95,47f7fa78-509d-4724-b050-0L95
L96,db25e528-cb16-472c-84b0-4L96
L97,de94d382-3d75-4227-bd3e-2L97
L98,e1b008da-8098-4fac-83c1-8L98
M10,6544bb6c-2a79-475c-9bad-bM10
M11,caf7e9c7-9cb7-4b7c-bfb7-4M11
M12,46938381-deee-4883-9134-3M12
M13,33c485a1-f842-47de-8291-fM13
M14,8a41d131-373c-4a1a-8cd0-0M14
M15,ffbbdcc6-9e50-47ff-a73c-8M15
M16,9478f1d2-dae7-4ba6-b6cb-7M16
M17,46141869-31e7-4944-be0d-eM17
M18,09e7b6c7-3766-4849-8f22-5M18
M19,897a0e3d-0b48-485b-8785-cM19
M20,c3245801-e450-4fee-9cef-bM20
M21,02a701b7-e584-4c8d-81ed-1M21
M22,fbc1474a-46c5-48f7-80ce-0M22
M23,2258bb38-eff5-48ba-98b1-cM23
M24,44f55b99-575e-4e08-a547-7M24
M25,6250eca0-59df-4a69-8126-eM25
M26,e1145901-4fcc-4790-b6ad-dM26
M27,a7f0bcad-f004-4d04-a4aa-eM27
M28,e160f88d-7efd-4691-b23e-2M28
M29,70d4494e-6ac7-412c-854c-aM29
M30,f2b57d09-097f-46f3-bafa-eM30
M31,2cd0f025-771d-4f2b-a55e-cM31
M32,d5c8ecad-2642-4e0b-b845-0M32
M33,87d66343-560f-4c94-892f-fM33
M34,fb9ca047-8879-48ed-88bf-5M34
M35,64349ed3-4e83-4638-b556-9M35
M36,7afc3c0b-054c-413d-acd6-1M36
M37,bb7ce6a9-abef-406e-b5ae-3M37
M38,534d15f2-3642-4141-8890-1M38
M39,f84ac8e2-91aa-4286-9a1f-9M39
M40,52eaa3c3-1340-4ab4-a17f-1M40
M41,7ef1dbbe-6a7a-4227-9517-2M41
M42,b3f463b7-1d16-4088-a251-8M42
M43,470e6b29-60bd-4074-91e3-4M43
M44,e67d4946-4893-4291-8119-cM44
M45,3026e337-c91d-4f0b-b101-fM45
M46,822025d7-42ec-42b6-9cfc-5M46
M47,d05e67a4-c3ed-441a-b2a0-8M47
M48,919a2f12-642a-4990-b2c6-dM48
M49,476367cb-e5d5-4ef9-9354-5M49
M50,7799b852-63d7-406e-aeb5-4M50
M51,fe646a42-45a1-4b2b-b0d3-7M51
M52,3ce29cb3-056a-4d66-8ade-9M52
M53,11a3c45d-7101-444d-b5d9-cM53
M54,3362cc39-0cc1-4f49-b539-0M54
M55,6c05aa85-bbaf-4145-9772-fM55
M56,caaa91a0-8742-4889-8235-9M56
M57,7bdc9d93-7240-4643-9340-7M57
M58,ef6353a9-f765-4d27-885b-9M58
M59,bb5a08d4-cce4-4157-a8bc-2M59
M60,d40a533c-c1b7-409b-a712-2M60
M61,6fb85177-9cee-4628-bedf-2M61
M62,97e44669-347b-4733-9d66-1M62
M63,9bdd4415-6f80-4c55-a13d-3M63
M64,8f4ee3a2-d245-4bfb-97d7-6M64
M65,576613d8-567a-4158-8a44-fM65
M66,2599bc45-fcc9-4dd2-a0e9-4M66
M67,744a1cce-d65b-4b71-9328-2M67
M68,1ab196c4-ab4f-4ab3-a61b-4M68
M69,f9e603e3-d9fe-49e4-812e-3M69
M70,c8d56e9a-e0a9-4ab2-9fee-fM70
M71,bf6b464e-1369-4028-801d-eM71
M72,819f791e-c42b-4971-8d07-5M72
M73,8b9f3a77-b427-4a3e-9078-8M73
M74,88a68350-5862-420c-aabe-bM74
M75,2a25e9d4-195c-405c-951d-dM75
M76,1d03c4df-ef1d-4fc0-a9ff-fM76
M77,a1461b96-3dd1-4099-b734-dM77
M78,0e9e82bc-4854-4870-b206-aM78
M79,2de8291e-c4dd-44f8-8faa-9M79
M80,c4ef5f12-4f8a-488a-af22-2M80
M81,c26b7b2c-5ae8-48a3-953f-1M81
M82,ad727712-da3a-4ae8-b8ac-4M82
M83,977eab48-5b61-4864-8164-4M83
M84,02673d2a-ce6a-49ed-a33d-2M84
M85,6d6273f6-ee60-4d3a-bdcc-1M85
M86,1a481bbd-4a45-4859-91db-1M86
M87,e948ba85-108b-40a5-983f-0M87
M88,7f31eb6e-acd9-4932-8da4-eM88
M89,426347b5-f290-4c6d-9a51-6M89
M90,18a7f046-b10a-49d2-9c3f-4M90
M91,de81e5b5-0f5e-4c3b-a637-5M91
M92,594276f7-c98b-48fa-8a16-8M92
M93,15b56a11-3b24-4393-848e-fM93
M94,b00c2e8e-74b0-4f58-bb76-eM94
M95,601e813f-a80d-4e8a-9d34-4M95
M96,64aa381f-c77f-48d5-998b-7M96
M97,fb484dc8-292b-493c-bc16-aM97
M98,0e69d47d-cee5-43ad-b21a-dM98
N10,8e725f98-b507-4a1d-8cda-8N10
N11,ee6359b5-7e4d-4ee7-98cc-5N11
N12,17916e42-59a2-4b9e-9b50-3N12
N13,5257e665-0e59-443b-a52a-dN13
N14,4b64091d-36db-437b-84d0-dN14
N15,4569356e-94e7-4e86-b6f3-eN15
N16,05edea8a-cb45-483f-9764-3N16
N17,54f88ac3-e7c1-4ae0-bdad-8N17
N18,d24f1c18-07e2-4fb6-9c8f-6N18
N19,39f6649e-6e8d-45ee-8962-8N19
N20,24988e1c-4033-45c7-afb4-dN20
N21,bfc814af-232b-4fab-bc16-4N21
N22,d9ff538f-dd57-4ff8-9bea-1N22
N23,6bc816ce-7001-4aef-8796-2N23
N24,0d6d4c73-0406-481e-8c2a-dN24
N25,946d0932-1033-4bea-821b-1N25
N26,c2c3498d-f2ba-41aa-98f8-aN26
N27,228f920d-70b3-4d72-9f75-eN27
N28,3d29d16b-c7c5-4a70-a9fd-8N28
N29,82f4eab1-2fc6-47ca-a704-eN29
N30,05a23c2c-13ce-4f06-85a6-3N30
N31,c37b08ab-33e0-4fd9-905e-aN31
N32,d7dd7f38-62f4-4e4e-8dd4-dN32
N33,6bdb4132-d32b-4c21-a656-5N33
N34,cacba107-6eb6-453e-b890-6N34
N35,521562de-4cfd-46cd-adc8-1N35
N36,8ba0fbbb-e7c5-4c1b-ab6b-2N36
N37,6edfa3a7-d0fa-4462-94e8-6N37
N38,3f1e8b91-b183-4c41-b6aa-4N38
N39,399ec8fe-a50f-45d1-bd43-eN39
N40,7bee68ac-c326-4b8d-95bd-7N40
N41,5d11c29e-f99a-4b67-b353-4N41
N42,46808aa4-49b9-4359-bac7-2N42
N43,d02b3e75-fdc0-4709-8849-bN43
N44,5153ee77-2725-446e-b1c1-3N44
N45,011cdf0e-a512-41a0-9368-4N45
N46,fb55b6d1-8383-4421-a53a-3N46
N47,ce27cf09-bf05-4216-aa02-8N47
N48,baf9ce79-3830-4fbd-9e0b-0N48
N49,24ba6df4-552e-4640-91be-dN49
N50,6d1f00b8-45cf-48ea-a44a-9N50
N51,e374c1e5-a535-47df-89a6-7N51
N52,0b257cef-8b7e-40ec-a092-8N52
N53,379460b1-cd01-4cf4-bc15-6N53
N54,7aa72203-17e3-45d4-94f4-cN54
N55,0e9ca52b-206f-49fb-bcfb-9N55
N56,90081141-7b37-40a5-91ff-bN56
N57,c89be3ae-2575-4cee-ab2b-2N57
N58,95e1cc9b-a53a-4f49-971d-2N58
N59,9bce657e-45e7-435c-b451-4N59
N60,c0ab3522-2515-4b3e-8073-8N60
N61,45dece3e-7913-4772-847b-bN61
N62,9ff241c0-d6da-4302-abc2-cN62
N63,10797860-f5b6-410c-8840-cN63
N64,3a86eb59-1ef5-45e3-bc11-1N64
N65,86c05e87-683e-4cbe-9427-5N65
N66,b968d519-33c5-4a37-b343-3N66
N67,0dfbdfea-1672-4f3b-8073-8N67
N68,c7868cc3-f44e-4a31-a2c9-9N68
N69,8c8f8647-3f4d-4688-bf30-5N69
N70,7141deca-880e-441b-b305-cN70
N71,13572d3e-f1c0-4921-8fcb-8N71
N72,03c7e1e7-f749-4f96-ba45-6N72
N73,a2b7d57e-8b67-495d-8005-9N73
N74,9d8a68e8-5e48-484a-848f-0N74
N75,ae788afb-8cc9-43d7-a711-8N75
N76,7ce29aaa-d07b-4cc2-8d3f-7N76
N77,660fae85-9e0e-43ce-9ff1-cN77
N78,4e4a7270-f3b8-4d9b-a52c-dN78
N79,95e171c1-015c-49a5-b299-7N79
N80,011767b4-5be0-4310-97ea-aN80
N81,b4ccd2e3-b388-49b4-81d3-cN81
N82,1b0565cd-1cec-49af-8275-3N82
N83,f8717bda-61cc-49a5-9e03-fN83
N84,966b953c-525a-467c-acf9-cN84
N85,afe67ddc-83ff-48f1-9ee2-6N85
N86,3e4f2ccd-aa8a-458d-83d0-0N86
N87,7d6009c9-75bb-4947-843c-0N87
N88,27b1c441-40bc-4e90-b7b1-0N88
N89,f455fbd1-d4fe-4f97-8ab1-8N89
N90,78db4f5d-31a2-467e-84e1-9N90
N91,8900d4c8-3f54-44e2-887e-9N91
N92,dbbb4d6d-873f-4281-9dfe-0N92
N93,b9253bb5-7dd5-4b56-ac89-dN93
N94,3754b008-f8dd-47df-805b-1N94
N95,777fe3c9-e37b-44a4-8e9f-6N95
N96,14750dc6-b7a8-45eb-a9aa-5N96
N97,4156ec2a-9f46-425f-869a-dN97
N98,7759a6e0-1d56-4bc8-a2fa-6N98
O10,f14401e0-80e3-47b8-bf6c-5O10
O11,438a4998-0beb-4a6d-a1e7-9O11
O12,96758bdb-14be-4fee-9c9f-5O12
O13,b9f77de7-05a1-4827-911c-bO13
O14,f912cf95-e9a4-4ebc-b959-2O14
O15,317c5ec3-d575-4ed2-9de6-bO15
O16,48ddb006-5070-431e-8d75-8O16
O17,639116e5-f2f2-4c78-a8c6-1O17
O18,2a68f69a-5c29-4908-b7b9-eO18
O19,e20c1b67-97be-430a-9eb8-fO19
O20,17dcecfd-9d1b-4d53-ad93-9O20
O21,f5b8aa42-a341-420b-9ecf-2O21
O22,82135baa-4960-46d0-a373-7O22
O23,701e39a1-f8fb-451e-9efe-fO23
O24,d6950702-348e-4d6c-b9d1-5O24
O25,7ba2f06e-6222-4c10-ba3e-aO25
O26,ee070d48-c169-4ef8-bf02-9O26
O27,801eb820-03f6-4f70-9d32-9O27
O28,f6869da5-84b1-454b-b4ce-dO28
O29,46fd1575-fd3c-4e17-a180-fO29
O30,a709c016-6b54-4f97-92fd-3O30
O31,dea511f6-1927-4483-9a93-3O31
O32,2a62e8b6-23f1-4623-b591-7O32
O33,978bdaa4-9a6c-4c7c-9aef-9O33
O34,d07ff567-535c-4bcb-8938-eO34
O35,5c1fca14-be26-400f-9220-0O35
O36,078218f4-defb-4ab0-9b57-8O36
O37,56749cb3-b4fa-4da2-a374-5O37
O38,8bc2a891-2d8d-43ee-911b-5O38
O39,65d99e4d-0717-44df-b9d9-bO39
O40,3f37de6b-5bd0-4087-b733-dO40
O41,a4143ab9-186a-42b2-a9f4-8O41
O42,b24f3a11-924b-43f7-86f2-7O42
O43,0c2aee7f-b5b5-4303-97c2-2O43
O44,8c4051bc-6015-47cd-b3dd-7O44
O45,8b7b086e-058f-43da-ae76-0O45
O46,0fd70656-d668-4c3c-a44b-0O46
O47,f65f828f-e03f-4908-8469-1O47
O48,8de525ff-3b92-4162-975c-3O48
O49,3d5af05a-88d1-4f4e-aa9e-7O49
O50,1e73ebba-2744-4f8f-8af4-5O50
O51,665ace5f-a27d-4996-b098-4O51
O52,12a31d73-2936-4761-b25f-eO52
O53,8d4590d6-416b-4590-a894-6O53
O54,c88a8fb1-c16d-4965-a7bd-bO54
O55,0da938f5-e505-4ecb-9a15-2O55
O56,fd15df46-c8e8-4c76-9bbb-7O56
O57,4a349ab7-a726-44d5-95bd-5O57
O58,17ac7121-daa1-475a-a556-dO58
O59,73043414-1569-46b3-995a-cO59
O60,5da8f41f-a259-4c81-b2af-1O60
O61,8652f5a9-a64b-44d6-893d-2O61
O62,6748890e-500f-4845-97fb-eO62
O63,eb7a41fb-4e59-4c6f-bb03-aO63
O64,a5d25eb1-dbfa-4ab8-9a10-aO64
O65,2f47f764-7ae5-40e3-a19d-2O65
O66,4a5b5911-2e9e-46d7-9f86-2O66
O67,d31b2400-b2f0-4fe1-8668-1O67
O68,becd76a7-7f3c-472e-993a-4O68
O69,cfec2a76-8215-4e40-9c1c-dO69
O70,8ae53855-7fbc-45c7-81d8-6O70
O71,4e4eddd7-596e-4d01-908d-8O71
O72,e02ac9b6-dcdf-41da-a8fe-8O72
O73,2b473b42-9eaf-4eea-9721-eO73
O74,adaa323c-07d8-414d-82f5-bO74
O75,d3a4bcb8-2bdb-409b-8dae-9O75
O76,d1850fac-f0b4-41c7-a817-eO76
O77,a457e8dc-1750-408b-890d-fO77
O78,08539569-509a-4162-ac33-aO78
O79,2015dac1-51b9-4663-b88e-cO79
O80,070b67fb-705a-4669-b336-0O80
O81,5b37dba6-f24e-4879-8470-6O81
O82,00573df4-0a0c-4021-a384-aO82
O83,cd12b5ca-5e91-4d3a-b929-0O83
O84,3ebd002d-9481-4ae7-bacc-aO84
O85,bc9ca77b-b8e2-4e74-8657-2O85
O86,b0422ed2-eac9-4d3f-aa39-aO86
O87,6bdeb934-726c-4204-8d4d-2O87
O88,8ca60069-9989-4714-98c1-dO88
O89,039e362e-4cee-4a5f-8250-dO89
O90,958369ad-59d6-44a0-9dd2-5O90
O91,fa3faa3e-6b49-4bcd-be81-3O91
O92,1b9f39c3-b208-4c2f-8f52-cO92
O93,639548aa-bc01-4d04-b46f-fO93
O94,2a9622c0-42b7-492c-9890-1O94
O95,09bf208f-1f3c-43e5-aae3-7O95
O96,03e2f0e1-cc96-4c63-93cf-1O96
O97,16e1debc-ef6d-42a8-9e50-6O97
O98,897c6f92-3209-4282-a8db-2O98
P10,238c5ec6-ac52-4d64-b917-9P10
P11,54d6e3c8-ed04-4a70-ad5f-3P11
P12,35c3f876-0aed-4abc-84b5-4P12
P13,40507fa1-175e-43e2-b671-4P13
P14,ea3dcd9e-d381-44c1-b9d5-dP14
P15,0e776ddc-2b5f-408f-9ded-dP15
P16,a098baff-389d-4226-a4c3-6P16
P17,8764941c-1631-4fed-a3b3-1P17
P18,af6e3033-aba1-4577-b464-bP18
P19,d62e8f86-97b2-4434-919f-8P19
P20,0002fc39-cfbe-4dbf-b553-cP20
P21,519eb0fb-139a-4964-81cc-4P21
P22,e76a428c-1684-4d40-84d8-0P22
P23,89852d46-539d-4080-b5ee-cP23
P24,6ebc1da4-b8eb-4e4c-8d32-aP24
P25,7217240a-c254-4666-a469-0P25
P26,e8307013-1c78-4183-a06f-9P26
P27,93f22d07-86c7-4aea-80a0-cP27
P28,f6da6dcc-243a-4883-8273-1P28
P29,174972df-b174-4a98-a7fd-6P29
P30,930cbad6-c7b0-45ce-9046-fP30
P31,3419ff30-9a12-41fa-bae7-fP31
P32,7a0a5f3c-9ec2-4ca2-957a-9P32
P33,d0855a68-a5b4-4c69-82a8-cP33
P34,dd76d292-6f33-4c90-8c31-dP34
P35,b2946fea-375b-4bfd-a4cd-9P35
P36,9d54e5e3-46a0-4d4a-a841-9P36
P37,fe6ba8c1-c3aa-4440-bd72-fP37
P38,d8859e14-03f2-43c1-8bef-dP38
P39,b6437174-b795-4ce7-a889-bP39
P40,07857592-f60f-48e0-ac9c-7P40
P41,d273bdeb-29c1-4b46-a362-5P41
P42,531392ff-b758-4d53-b23f-fP42
P43,c08ac50d-74ca-462e-9608-6P43
P44,406445cf-2ac4-4c86-bab3-3P44
P45,e5886b65-bd94-4c32-8772-dP45
P46,1b3ea216-e392-4cef-83f5-eP46
P47,03f295ec-f6f5-464e-b414-6P47
P48,1a041eb5-0556-404c-b227-8P48
P49,c7ebe5b3-551c-4524-b1c4-4P49
P50,78f82133-ef6d-4135-a5ee-cP50
P51,ab21d92a-3b2d-4132-a18c-eP51
P52,784a93a3-b953-431a-ac40-9P52
P53,1a555635-6e76-4faf-b55d-4P53
P54,b10a09f2-c094-4f14-a6a5-dP54
P55,ad519890-1645-4953-9560-fP55
P56,48e071b3-7821-4e48-8bff-9P56
P57,4588e8cc-0c9d-4444-95f2-4P57
P58,7e2a6d53-935b-414d-8a37-aP58
P59,5ba14475-a746-48fc-a2af-fP59
P60,3e83bd1d-9422-445b-b334-dP60
P61,c4bda558-2b49-4a18-b171-aP61
P62,0ccff540-8c9f-4be0-aa72-9P62
P63,792f793c-fcdb-4f64-89cf-dP63
P64,186eae2c-e15f-44a1-9303-9P64
P65,0c230062-dc07-4b82-a2bd-7P65
P66,4ca2512e-5f56-4ca2-892c-fP66
P67,ef128388-bb7f-4cd7-9fdf-4P67
P68,12b009b8-830d-4295-8e31-dP68
P69,0a1c4393-dcfc-4d7d-b9eb-8P69
P70,9ad605d2-f41f-4858-ba58-4P70
P71,388ad597-1810-4d8f-8c17-cP71
P72,11904e10-ea6a-40b7-9153-eP72
P73,91bf5d10-db6d-43ae-947d-2P73
P74,b91da758-ecab-4317-bc55-fP74
P75,22329ff8-f726-48d4-99a8-0P75
P76,b2cc4be6-688a-49a7-82f2-fP76
P77,6b3c4462-3d4f-4960-8e2c-7P77
P78,655081e6-5812-4a82-9213-cP78
P79,da6faa33-ee7f-4b14-a711-8P79
P80,7a732a8e-cd89-4a16-aeee-3P80
P81,9c8c86b8-632b-4fbc-a13a-dP81
P82,2f91d134-c38d-4cdd-a1d0-9P82
P83,92f6b6c0-c0f3-4230-82d2-4P83
P84,63c979dc-2a75-4d58-910b-1P84
P85,7ddeb1aa-d2af-4b27-988c-4P85
P86,7661a160-46d2-40b9-ae03-4P86
P87,8ece2758-ab5d-48a8-adfd-1P87
P88,e4a7fc10-5ca4-413c-a42e-4P88
P89,2f4763ce-36ec-4d9c-a81d-eP89
P90,d90e0e42-3253-42fe-9785-7P90
P91,8a1eac3e-938b-469a-a6e1-bP91
P92,da592e97-b7ca-4992-ba5b-5P92
P93,2de4e143-d351-4b0b-8636-6P93
P94,c8da1998-b9e3-4b96-a8a0-5P94
P95,eb207d1d-2a76-404f-a25e-cP95
P96,ca374bd8-0f44-4ef1-ae31-1P96
P97,cb5fdca1-f930-46ac-af09-eP97
P98,f941bd61-7d24-47a8-995b-eP98
Q10,b0968b84-4e27-49ad-aa16-bQ10
Q11,e7000cce-3f17-405d-bbec-0Q11
Q12,09d7d532-234a-4336-a6f7-dQ12
Q13,7af07f10-def9-4d0c-827b-9Q13
Q14,b665cdb6-3124-4815-be9d-aQ14
Q15,efa9bb95-de64-471b-8921-aQ15
Q16,b5e283dc-e01d-4c3e-90ec-dQ16
Q17,1dee9c73-541b-4bf5-9e48-0Q17
Q18,74e79357-9219-406e-9b57-cQ18
Q19,cff5f7fe-0591-4ee9-8eb0-3Q19
Q20,0baadffa-7f10-4239-b191-1Q20
Q21,edb92213-946d-4031-ae80-cQ21
Q22,0f9254bf-103d-4eff-8b35-3Q22
Q23,9fa1a852-9a1f-42dc-a6a0-8Q23
Q24,fc92f60c-a31d-408d-9816-eQ24
Q25,245bf0cb-ef64-4171-948a-eQ25
Q26,ed7daac4-70c9-42e5-af53-4Q26
Q27,c478f295-c95d-431e-8554-aQ27
Q28,7a3e50ca-9714-4993-a9ad-6Q28
Q29,f21fec01-081e-4e24-bd9b-fQ29
Q30,706ab309-8723-4edb-a83f-dQ30
Q31,60d796e2-ad19-4d09-95f3-dQ31
Q32,2be14f73-6167-4514-a55f-6Q32
Q33,c90ad15e-3a1d-4f6d-aced-7Q33
Q34,da2964b4-8367-41f5-a6d4-dQ34
Q35,7f312f89-8e03-42d1-a9a8-fQ35
Q36,b4b0de64-1c68-4e7e-a0f5-9Q36
Q37,42027af2-643a-457a-9b75-5Q37
Q38,badb874e-3c55-43b6-8ff9-fQ38
Q39,ead4a8d5-917b-4bc8-8b4f-0Q39
Q40,128d18c6-b395-4ab7-b876-aQ40
Q41,efc96ea0-9011-4011-ab53-0Q41
Q42,853a9c79-a41d-45be-997b-5Q42
Q43,dabc1120-5101-4442-867d-7Q43
Q44,234644cb-c2eb-4a86-9b3d-bQ44
Q45,423eaa1c-cdd0-498d-995e-8Q45
Q46,66f39ad4-3c8f-4b8b-a51e-cQ46
Q47,167c09a2-cc7a-40a8-840a-cQ47
Q48,1f072f76-2af9-4819-afb5-7Q48
Q49,34aea7ca-6ff6-43bd-af11-dQ49
Q50,43b39c5f-0b17-482b-b3e8-4Q50
Q51,621af710-7714-40a1-a7cb-cQ51
Q52,dfa88f0a-7075-47ff-87ea-7Q52
Q53,dcbeab1c-6aa4-4078-8242-0Q53
Q54,273de488-eedf-4622-9c16-8Q54
Q55,e3df03b3-f397-4251-9fe9-1Q55
Q56,ef6498c7-d941-41dc-aa50-aQ56
Q57,8a7f3b67-0246-4e16-b7f5-3Q57
Q58,338215d5-ba12-4e7a-96fa-6Q58
Q59,fc5d90f4-457d-4546-a008-3Q59
Q60,09eab49b-631b-4041-9f53-3Q60
Q61,56137c09-ded3-4c48-8e79-eQ61
Q62,0f6ba7dc-8720-4f67-8845-0Q62
Q63,4b27b08d-aa28-4def-ae5b-7Q63
Q64,3570885c-4716-4530-8d1a-4Q64
Q65,fc61837e-7246-44cf-8a45-0Q65
Q66,0471ac55-0a06-44df-898e-bQ66
Q67,c6f9b875-2ad6-4cc3-80a8-0Q67
Q68,8ca0b278-6851-4832-b2e8-1Q68
Q69,0c4017ca-f011-475f-923a-bQ69
Q70,b43a4e4c-5be5-4e85-b2b2-fQ70
Q71,79e0f3b1-769d-4bb7-89c7-aQ71
Q72,cbe97e54-5b40-410a-abac-8Q72
Q73,6b9b83c7-d6f4-4e81-af36-6Q73
Q74,41c4a321-2846-4ad2-8996-5Q74
Q75,efcb2fef-bc65-4de6-aeef-dQ75
Q76,d6be6839-571e-46c6-ae84-dQ76
Q77,22818e91-9926-41bf-9376-aQ77
Q78,0b3bcbf5-92d9-43ea-9293-aQ78
Q79,6de55d91-af48-4a8c-b2da-2Q79
Q80,df10d632-2b24-4444-88f0-eQ80
Q81,fb81d81a-e3cb-43b1-b83e-dQ81
Q82,5518ca11-7b16-4627-be17-8Q82
Q83,7a274b39-ec0c-45a4-ba02-aQ83
Q84,d7ec4946-8545-4511-9661-dQ84
Q85,bb2b0020-be57-4553-a9a7-8Q85
Q86,585f0656-c742-427f-93b0-1Q86
Q87,90f90175-4bcf-4427-a9c6-9Q87
Q88,086c99ee-095e-4fd9-a91b-6Q88
Q89,de68196a-7201-47e5-8546-4Q89
Q90,f381b7a7-7555-4b4c-8826-eQ90
Q91,667488d9-47b3-4d98-9b91-dQ91
Q92,7ca727dc-34c7-4cc1-a6b2-fQ92
Q93,78efa0c1-f049-41d2-9c05-cQ93
Q94,0271c88d-8c7c-4a1f-8306-9Q94
Q95,05b67803-9992-4f90-8a74-1Q95
Q96,4bed24d5-2abb-46cf-8205-2Q96
Q97,9fe58a00-fd4e-4761-9088-3Q97
Q98,5a2786eb-6444-437c-a4b1-6Q98
R10,11b4aaec-417f-4c7a-bbe0-1R10
R11,cd4c1188-d9fe-4128-9a74-cR11
R12,326ad51c-1396-4982-bc60-2R12
R13,5b330101-dc98-42fa-a343-fR13
R14,f2a80c36-0ca1-4cb0-a283-0R14
R15,2428af05-52ba-47b1-b6a7-7R15
R16,d6ad8a4f-fc34-4533-b35d-6R16
R17,167d7516-f00a-4839-8e14-3R17
R18,edec8a66-a18a-4132-896b-4R18
R19,00b3e7d3-bb8a-45f3-8d21-9R19
R20,aa444dd1-4ef4-4ab4-9882-bR20
R21,24aa9ad9-f9e7-48c9-aefa-2R21
R22,034c6ca9-3902-46f6-ad41-4R22
R23,73354d0d-9829-4650-9473-cR23
R24,4f808813-13f1-4f53-b761-eR24
R25,452f16d8-ba4a-42f4-bad1-dR25
R26,f50a3818-360a-4dde-b584-2R26
R27,4197adb0-0c9b-49f0-85ff-3R27
R28,2bc00c0d-d55a-4951-93fd-6R28
R29,8d2b2753-fa73-4301-b05a-4R29
R30,690d26a7-e201-452c-879a-4R30
R31,4e76ad7e-74f5-4a36-aa8c-7R31
R32,9190565e-7c09-4d8d-a613-4R32
R33,bb04b7e7-9026-472c-a1bc-eR33
R34,3216c853-36b6-4e29-906b-1R34
R35,733c8ee1-443e-4068-bccc-bR35
R36,2b940d9d-16c7-4ada-9ef8-7R36
R37,4314079a-6663-4476-8cdc-9R37
R38,9f827036-2092-4b98-9496-7R38
R39,662484ff-9d23-47f3-a73c-6R39
R40,7820daf5-803e-443d-b27a-bR40
R41,0ce2c3c1-341d-4b3e-bf6c-1R41
R42,f24c8f57-db56-4b52-8fb0-9R42
R43,78b734ce-5958-4f1d-9c7e-eR43
R44,6d28ad69-f918-408e-80cd-4R44
R45,59014246-4420-42b3-b14d-aR45
R46,375a3991-514f-4345-ba74-4R46
R47,459b2d28-5173-4f73-a5f4-aR47
R48,28bc42cf-061f-4ecb-8767-0R48
R49,82545db2-b4b5-4f89-a2f9-5R49
R50,91bba71d-c392-4f22-a855-9R50
R51,b1d65704-0a4f-432e-bff2-2R51
R52,b48f5c41-a869-40dd-9328-bR52
R53,50806193-4441-432e-8426-bR53
R54,328417a6-29b6-465c-a1bc-0R54
R55,97b840b9-2f1e-4236-b0b1-1R55
R56,fc334697-f65a-4a49-b3e3-9R56
R57,2c9c1af7-fc34-45b7-b9f4-aR57
R58,b36bb539-f9a0-46e4-9381-fR58
R59,ebf027ca-3eb0-4aef-a171-bR59
R60,6e4ab17f-9651-42d3-a4d3-7R60
R61,4477de52-3da1-48c2-92f2-fR61
R62,777c8c4e-1781-4fd8-8ed0-1R62
R63,41706f95-53f5-45cd-8464-fR63
R64,0d2221f5-5d94-4981-ad3b-7R64
R65,45f930dc-63f7-4891-bca0-2R65
R66,4ca53ae3-5fc8-436c-84fc-7R66
R67,e28e48b9-c73d-4db9-8021-bR67
R68,2c04eda9-3cf3-4d4a-9267-1R68
R69,615b5540-7e4d-4b42-abad-2R69
R70,8474c248-cb84-4ac0-8507-9R70
R71,a9aa6e1e-a8d3-42ed-9816-2R71
R72,b79ceeaf-3921-4180-98bc-9R72
R73,975fb2e2-9bf6-4012-b209-cR73
R74,e5eb0690-ed07-42cb-8ec9-4R74
R75,2a91c7e7-529f-457a-94c2-fR75
R76,e243044d-7a56-42ae-9089-4R76
R77,6f6ee702-68b6-4249-86d9-eR77
R78,c020620d-a5ca-4380-8a18-7R78
R79,7700073c-1245-42cb-8749-cR79
R80,a48d9d11-9988-4b9b-9e26-dR80
R81,cc0e93a0-57f3-4ba0-aa0f-5R81
R82,4765fd90-d536-443f-a77d-4R82
R83,e52fe0a3-825d-4557-9f89-bR83
R84,ead44fde-4e9d-4dcb-b352-7R84
R85,59afdd34-12f3-4022-8ea3-4R85
R86,af681f1a-a7f1-4b37-adf6-6R86
R87,783ed6e8-3c10-41d6-8920-2R87
R88,fd6c0dcf-a787-46d8-8ed5-fR88
R89,3ae02c89-e92a-421f-8b71-3R89
R90,019a440d-eaed-437a-84a2-1R90
R91,91f35838-da59-46f1-9311-cR91
R92,0377d4e3-e4d8-4ca3-9431-aR92
R93,ed86ba34-f859-4d1a-bf07-bR93
R94,798808ee-8a38-4043-9e72-bR94
R95,e927b0b1-25f6-49ce-b890-9R95
R96,342c41ca-f787-4351-9604-8R96
R97,425bb69e-4979-432a-8bb1-0R97
R98,ac94e17c-44bf-413e-a3ed-5R98
S10,74cc532f-0ebb-49bc-8669-7S10
S11,ff0639c5-09f2-4e44-824f-6S11
S12,8687c97d-36e6-4039-ae30-6S12
S13,5ff7d994-10f4-4aab-901c-9S13
S14,5e3fc00b-82f4-43bc-aaeb-8S14
S15,cc34d6ec-6118-48a9-a3e5-bS15
S16,9dcf29f9-7e12-4fad-8b28-2S16
S17,f97eab56-f19d-4be9-a357-9S17
S18,4361f426-591c-4182-915b-2S18
S19,df26b3e5-8559-4573-b2b1-aS19
S20,1f41f18b-0299-46a5-8a19-fS20
S21,e9e72baf-0c49-4eaa-80a3-9S21
S22,fa36cb64-316d-46f6-8f32-6S22
S23,d7bff733-ed71-40fc-aa78-2S23
S24,ccce04ac-d5e6-4962-8975-3S24
S25,68753003-b24b-4d6f-a860-1S25
S26,c9ffbe9f-6d6f-4cc7-8a7a-1S26
S27,64624977-329c-4946-a801-fS27
S28,df63120c-f32e-4404-9a17-bS28
S29,e74574e5-705d-4732-a4ee-dS29
S30,d8715c02-8311-4755-a158-eS30
S31,01e79002-8eff-4bfc-9628-5S31
S32,d408e793-572b-4329-8798-5S32
S33,b0c77759-0bc0-4b11-9d14-5S33
S34,f1df3f2e-eede-4fa8-9f16-aS34
S35,453f3b98-c4d9-4060-8707-aS35
S36,d6ef226e-9c74-4c7d-b194-5S36
S37,271d3c38-d410-41ec-b713-fS37
S38,39ada0d0-22c8-4ef5-bbe0-5S38
S39,44fcd542-9d75-4f42-9df0-5S39
S40,b0dacff0-60f3-474f-92d0-eS40
S41,7c1077f2-ce8e-4d15-86ee-fS41
S42,397cf929-be13-4b74-82bf-1S42
S43,d734b8a1-3c50-4f1b-9d87-8S43
S44,f6441bd1-5ee6-4260-8796-2S44
S45,56d59d10-9fc8-4ce6-9560-6S45
S46,c5b99baa-ec05-415a-a59e-8S46
S47,dbbbd40e-0689-434b-9464-5S47
S48,c51500e7-0de7-4026-afeb-bS48
S49,a0fe7ad7-5186-44c4-aa4f-3S49
S50,afbbfbe0-0690-4e94-a32f-9S50
S51,a7a50178-811c-49d9-96b7-dS51
S52,88aea0a7-6b65-4ee5-8504-4S52
S53,2311e7dd-27df-4b70-8224-bS53
S54,29e86679-d421-4c68-a50b-bS54
S55,2185df15-9eb2-4f09-8d6a-6S55
S56,aed346f5-4716-48be-863d-1S56
S57,5fa787ec-253e-4c81-bb7a-aS57
S58,c058b2cd-337a-4a6c-af24-4S58
S59,9b08805c-5145-45ba-b70d-eS59
S60,6c1439b5-7e93-4148-ba1a-dS60
S61,440fec98-327f-4410-a495-bS61
S62,95e6a9c3-709f-445b-9a5b-fS62
S63,f999ff78-5677-4d39-b1f2-fS63
S64,b25f7e18-b8f8-4da9-a0e0-6S64
S65,0f526a2b-0268-4d0f-ac57-6S65
S66,6f0729ce-cbfe-4503-ba5f-cS66
S67,4fe300d1-6db5-43fe-9eba-eS67
S68,7bac82a8-149c-4161-86b5-1S68
S69,7d19c067-c8dc-4fe0-a4b2-aS69
S70,92cb4120-38cd-43c1-8d0e-dS70
S71,9c100b21-3df4-49b6-9a36-dS71
S72,6988f33f-401f-41dc-9c31-8S72
S73,f0bc4173-bb3a-4b8d-8581-6S73
S74,1eab6e54-5cca-4eec-b295-bS74
S75,40032d89-2df3-4387-a60d-4S75
S76,f6fde92c-edcd-41b2-ac37-dS76
S77,122bf4a4-bdc7-4d08-898c-dS77
S78,65cc9123-c051-41a0-be8a-eS78
S79,303b0ae1-4405-406d-a7a6-0S79
S80,82247f74-5d1e-40c1-9805-5S80
S81,de0fa3fb-2bff-4dca-bd13-9S81
S82,31eb7d61-f71f-4c90-b677-6S82
S83,25a9cbfc-9489-48b4-abde-4S83
S84,022a0bfb-b16e-480e-a362-bS84
S85,8f818c56-c530-4b6b-a549-1S85
S86,ad368b02-3a58-4d5f-89d5-aS86
S87,db414c89-5edd-4fd0-85bf-cS87
S88,7a8a5f3f-39d3-4d29-8d4e-3S88
S89,06429810-98e1-48d4-ad6b-2S89
S90,6b733765-286e-480a-803e-6S90
S91,18bb3643-9ae4-4558-b1bb-9S91
S92,206d56d5-5075-48ae-914b-8S92
S93,7bb72cc2-afde-4e08-a442-9S93
S94,82c9c523-d380-4555-9473-6S94
S95,8caa1be0-9389-4878-8a5f-aS95
S96,18127001-4a03-4483-9dfa-7S96
S97,0235b0a4-13e8-47ef-b5a1-8S97
S98,47786fde-faf7-4a6f-8f15-1S98
T10,52beced3-b5f1-4eea-a0dc-6T10
T11,829d3033-12f2-4e72-ab83-7T11
T12,3b8393f2-ac8f-4ab6-a8f0-1T12
T13,1ead4a91-558c-4cf3-9c7d-0T13
T14,d1522cde-6e98-426e-bda2-cT14
T15,106cb43a-b2a4-4113-aede-4T15
T16,9053c1f1-07fd-4732-a8d1-7T16
T17,be8aa253-0a6e-4697-8d81-fT17
T18,afc0d4b0-4552-4113-b2f7-3T18
T19,52e291b3-f8cd-4d5c-b6b8-bT19
T20,71a6d29d-91b2-4ce9-89f9-6T20
T21,cf305051-7dee-4176-96d2-4T21
T22,f699c546-f0fa-4986-bfda-dT22
T23,ae9dd457-a894-48fc-bd93-0T23
T24,743d0d86-95f8-49b7-912a-9T24
T25,58ea5a16-86c2-4ec0-8cf9-dT25
T26,80d82c02-c032-4caf-a3af-cT26
T27,df3ae9fb-36d7-4583-bbac-dT27
T28,38307c10-49be-495a-9d37-bT28
T29,98fb7954-0c69-4221-8e22-eT29
T30,a52c8b34-a565-4bae-8904-2T30
T31,03476378-01b1-4d4c-a2cc-8T31
T32,cec3c5f0-d73d-452b-9b75-0T32
T33,e20b616a-71ce-400c-b1ce-eT33
T34,c67b78bc-7034-4af7-bf12-fT34
T35,b5c48b9c-60ad-475b-a50d-7T35
T36,5f5e7643-ce3a-44c1-9cd9-cT36
T37,c57a012c-4cd4-4a5a-832b-4T37
T38,e3392137-c2c0-4319-aa10-4T38
T39,7ed941e1-308e-48af-864a-fT39
T40,8fd7f567-875d-4a8c-8aa1-9T40
T41,2b659984-5710-4600-9626-7T41
T42,082df6d9-c091-4da1-ae5f-8T42
T43,6bd0fdeb-1932-49ee-8281-dT43
T44,2981ad3c-72c4-44cf-8357-dT44
T45,5a65473c-44f6-4c13-937a-1T45
T46,dc8e301b-8bdf-4c26-96f7-dT46
T47,8d52c03f-904b-42e8-a546-eT47
T48,9ba0dcc0-f1ea-4b1e-b8a0-fT48
T49,a15646ff-3d8a-4969-b769-cT49
T50,6d40b272-8922-43f2-82d7-aT50
T51,4bfb3931-d361-4590-931b-9T51
T52,4eb4f31f-5f69-43c6-aa10-fT52
T53,4116e661-968f-4317-bec4-2T53
T54,cac926e9-2c75-41f0-b2df-9T54
T55,40e7c515-2ec3-462c-a981-1T55
T56,2313ca29-acd1-443c-84e2-7T56
T57,38ad26e0-fd92-4a0d-b87c-8T57
T58,7cee1c1b-5db3-4a0d-b6e5-cT58
T59,b6418b65-7555-4f86-857d-bT59
T60,ef433e27-be94-4575-be66-bT60
T61,703856ab-22bd-4fc1-a1fb-4T61
T62,bd4d64d7-662f-4b07-add4-aT62
T63,9a02e77b-19aa-4aab-a3b8-9T63
T64,d43a22cf-5ec7-44c9-898d-4T64
T65,b59d5aa0-2093-48c0-9f8d-9T65
T66,b51938b7-5b2f-4395-81ae-dT66
T67,c12c79e7-c996-4551-8efb-7T67
T68,6f457347-d94e-428f-bd67-eT68
T69,8a180d7e-9402-4f18-9516-1T69
T70,ea6043ad-a854-4b85-a8fc-eT70
T71,9481d968-3814-481a-b354-2T71
T72,7805fd0c-f0a4-44e7-ac62-6T72
T73,d1280ada-600f-41b8-a2cc-0T73
T74,ad5c5c11-a433-400e-953f-3T74
T75,3e019eae-cd0b-4328-9174-fT75
T76,b2759f6b-838f-44c9-b0a7-2T76
T77,e4bd72ac-04a5-4978-b0a7-aT77
T78,a4fa7b0c-e9f3-4e27-a916-1T78
T79,509f2f43-72e9-49de-b036-bT79
T80,ca2f29d9-f715-48fe-b15f-9T80
T81,c64292f5-eb82-446a-a9db-7T81
T82,1347ef5b-4086-4003-adb1-0T82
T83,9da5ac4b-322a-4e99-937d-bT83
T84,5436fc08-06b4-43d3-803d-5T84
T85,596b18fe-4ac5-4a64-82af-1T85
T86,17e7facb-2153-41e0-8ae3-fT86
T87,aea93c4c-f451-4786-86e0-0T87
T88,c0b4dbc6-5b1b-429c-9911-bT88
T89,25e2fdb5-d6e5-400d-be8c-6T89
T90,cf0ceb3c-90e0-43ac-be8f-eT90
T91,b1b24320-3561-457d-936a-2T91
T92,223686b3-61b7-42b0-b746-fT92
T93,577ecdb5-8322-4e1a-817a-9T93
T94,c50b2e9e-2153-4db8-a571-1T94
T95,52cd840d-849b-441a-ad59-cT95
T96,5b5940a6-d16d-4703-918a-dT96
T97,1f44da68-7008-4b6e-be03-cT97
T98,3c20e042-114a-4cc9-9496-1T98
U10,e5db0260-7bba-49b6-a3bd-7U10
U11,0110c3de-9925-4d4b-a9ec-7U11
U12,59257767-6865-4587-b447-aU12
U13,cbdddf5a-7558-40a3-9e9b-7U13
U14,539c4aa8-b29d-4734-b13e-6U14
U15,0a07444c-494e-425e-b710-2U15
U16,df14cc0c-3ed1-458f-a2d2-dU16
U17,1cfeee63-9e80-4808-8de6-5U17
U18,f75b6749-83c0-4e86-8201-dU18
U19,f2792e7a-7423-4817-bb47-0U19
U20,2babab7b-b521-4dd1-ab26-1U20
U21,3a219255-617c-407c-bb17-6U21
U22,362250a1-ced5-408a-99c0-4U22
U23,b23aea79-1353-4562-a605-fU23
U24,f20aa5d4-9289-4678-b7b7-6U24
U25,6f9e2926-0969-4b9f-ae3e-5U25
U26,6c45dc86-f0e2-4979-bb17-dU26
U27,40266025-68b0-4c5b-ae1d-7U27
U28,b1ed2e78-9cd3-4c77-8083-7U28
U29,c0a68b8d-c0e4-44b1-b29f-bU29
U30,1b347d3d-7ab7-4ade-98a3-7U30
U31,932ae175-098a-45fb-9083-2U31
U32,a181055b-6728-4abf-8c50-eU32
U33,a322bbdb-d8fc-4508-ad63-3U33
U34,090866ee-8c20-4286-971a-dU34
U35,5cfd473c-079f-4c87-a5b8-fU35
U36,e0b0f46e-8005-4bbe-8b1f-cU36
U37,711e1e50-0ae5-4aaf-a3c6-aU37
U38,1a125f9b-5750-4f2a-9b18-2U38
U39,605bd0bc-565e-49f9-a11b-aU39
U40,86f05689-e9c2-486b-9bf4-1U40
U41,a20ac5cf-54af-4791-834c-6U41
U42,c25373c0-768d-4071-b878-bU42
U43,154508e5-9f84-4c36-8eee-0U43
U44,a7b02535-92f2-4ed9-a09a-4U44
U45,24ef816b-c615-497f-9629-dU45
U46,48ebe239-2756-49d0-8e68-dU46
U47,83832a20-44fe-4cf0-b4ea-eU47
U48,fc398804-f579-47e4-9691-9U48
U49,395461bc-894f-4846-b320-dU49
U50,94581e53-d8f1-45b8-83ab-3U50
U51,3ef2f6d7-a429-4314-b440-eU51
U52,07fb86bf-0c56-4b7d-abd4-cU52
U53,a15c7423-7571-47fb-bab9-5U53
U54,39b7b5a1-fded-4f63-9104-bU54
U55,bfa3e0e7-e063-4626-bee2-0U55
U56,b446753d-041f-411f-9779-3U56
U57,949fae40-eaf0-4b31-85f2-dU57
U58,328eb7ae-2af0-41d5-bea9-9U58
U59,4c31b655-a86b-4df6-93e3-aU59
U60,e8f4ac93-f49f-4ae7-82e5-8U60
U61,cf0b3d17-7f02-44b9-b08a-eU61
U62,0ebc7f0b-62ef-41d1-a12c-6U62
U63,25bbca30-c391-45fa-b083-bU63
U64,f5044d8d-73bb-4381-aa22-2U64
U65,b11dbe29-8d6b-4a02-8e1a-1U65
U66,cba7e779-b63b-4049-a29c-bU66
U67,da887143-38c1-4d7d-9dda-9U67
U68,213cf6dc-415f-469e-9586-dU68
U69,dc23b173-feea-40fc-a844-dU69
U70,93c1d18d-7f8c-4fc4-a096-aU70
U71,b3473e45-626e-49b6-8a6e-fU71
U72,dca4e0b3-07e8-4c67-92d9-3U72
U73,7b994f79-ce84-4965-befb-3U73
U74,bfbdb957-8adc-4ad2-9fcb-bU74
U75,3a8d599f-fe11-4a9a-9415-bU75
U76,3db8806f-d131-46a7-861d-5U76
U77,b9ac413b-9282-4290-8e05-8U77
U78,ed8a3d7e-ae5e-45ad-8e3d-7U78
U79,098c3298-a71b-48c2-bf2c-4U79
U80,d5476d24-c78d-4619-b337-9U80
U81,28014a60-a547-41db-9484-dU81
U82,f18ab5c3-7ef5-438d-90f6-9U82
U83,393da183-42ec-4b56-8b51-9U83
U84,cd9d5076-5280-4a73-abfe-bU84
U85,083aea60-0cfd-4d57-a57c-dU85
U86,c22bf748-9ff0-4931-8458-2U86
U87,02493ae2-30e5-4d6a-9e03-bU87
U88,a0c9e33f-6eaf-48e5-bf11-bU88
U89,8e859e79-419e-4589-810c-cU89
U90,c83177c3-fc6a-4fef-98fd-9U90
U91,1d22b1e5-e86b-4cfc-9bde-5U91
U92,b79c46fe-496e-4416-a9ac-eU92
U93,648077db-db3a-4f25-8ceb-fU93
U94,d7f6c269-9457-4248-89c6-6U94
U95,5938a9c2-8d7e-4d1d-80b4-8U95
U96,978dc3ff-366c-4785-86d6-bU96
U97,851a31c5-7a20-457d-b0a0-1U97
U98,82234d75-a7c6-41d7-8698-dU98
V10,d7a332d7-734d-4b2d-813c-2V10
V11,a5f5aff4-9e43-41f9-bd09-7V11
V12,1f3ae206-09b8-4d56-990b-8V12
V13,84858925-5ec5-4330-90e1-6V13
V14,b5b86a42-c5ac-48bf-b66d-9V14
V15,c11756b0-2376-4514-833c-dV15
V16,a212d667-6d48-42ab-9806-7V16
V17,e4776a71-554d-4c07-99da-cV17
V18,c9e4f838-2ba4-4fe9-b186-4V18
V19,98a752d0-7fb9-489c-bc21-5V19
V20,6520e1bd-fe61-4849-96fb-3V20
V21,c531f7f2-ea98-425c-9500-8V21
V22,e9e8362a-11d8-45ce-ae56-bV22
V23,707497c1-b11f-452e-ba47-cV23
V24,1618a5b5-75a9-4e22-ae88-eV24
V25,c765730c-e447-4c70-abfd-7V25
V26,44540ff5-4f6f-4254-9a9b-8V26
V27,8564ab05-b016-4fbd-894b-fV27
V28,a6bf0c6a-aa90-4a14-b5ac-3V28
V29,d0aa0856-3918-45ee-b8b5-4V29
V30,81813fb8-36b2-4077-ba91-0V30
V31,7737e408-cdb8-49c9-b90b-1V31
V32,eb665f0f-84b8-4474-950e-0V32
V33,7752ea43-2dca-4522-bc78-5V33
V34,c1d52d90-ffda-4373-aa6e-3V34
V35,1e17c722-b6ba-4429-9528-9V35
V36,60b8cb28-e30d-4741-ba9f-dV36
V37,526c1b11-4be6-4137-aba3-cV37
V38,14b3b2ee-ac9b-4a14-8d85-aV38
V39,dddb3c28-e54f-46ea-a93c-8V39
V40,1f332adf-6cb5-4744-9f64-aV40
V41,22246404-eb5f-49bd-bf51-4V41
V42,5671c0fb-3886-46ab-a86e-dV42
V43,73d7dce9-4b52-4375-913c-aV43
V44,835fa845-787b-4746-a230-7V44
V45,00aee58b-a12f-4a39-883d-1V45
V46,02a88797-efcd-4866-b402-cV46
V47,506dbc63-08d5-424f-a11a-1V47
V48,d0145424-e8b8-4ac5-b1f7-6V48
V49,10d6c9e4-6cd9-4472-bf12-bV49
V50,630f8242-2a8d-4443-b426-fV50
V51,0163774e-6119-4fc4-9388-7V51
V52,79798346-7047-4191-87c0-5V52
V53,6d1abeb5-89f2-47cb-ad65-3V53
V54,343db9f5-b535-49b9-b5b4-2V54
V55,b5d00010-b7c9-4194-83a5-dV55
V56,5abbcdc0-2903-419c-913b-7V56
V57,f16e0bdf-b3c7-4662-b6c1-0V57
V58,9fd64f07-eb80-4bad-8557-dV58
V59,1a5e4245-6091-435d-ae32-aV59
V60,a30dd08f-4373-4337-83d2-dV60
V61,ecb21adc-7a51-4802-99bb-fV61
V62,00d93d09-d737-4bdc-a26a-fV62
V63,db328662-433f-45b7-821f-0V63
V64,709de9f4-ba48-4f6a-bb89-1V64
V65,6a5685c2-6840-4023-b3da-aV65
V66,943d3b26-617a-4661-92b0-4V66
V67,3e33fb06-c1ec-41e7-947a-aV67
V68,574da6e8-0243-4123-9281-cV68
V69,da78a60b-3c8f-450b-978c-4V69
V70,87b385f4-ce53-4f69-95c2-6V70
V71,3ad42c7e-0788-4138-b263-6V71
V72,520c8491-d554-4c87-a9a3-bV72
V73,c2c527c4-de27-47e6-a778-7V73
V74,b1ffe95d-8b90-4b7e-840a-9V74
V75,d34f3406-3068-4211-9fa5-eV75
V76,66ef7579-6f59-499c-9822-dV76
V77,5ea84e9d-4009-4da0-957a-8V77
V78,dbd0a6a0-caca-4378-a866-bV78
V79,768dd4be-fb76-4211-9c34-0V79
V80,809e6188-2776-4779-aa99-bV80
V81,5ea86843-c2cb-4a26-8ab2-0V81
V82,c67b11e5-b3a9-408a-8abd-4V82
V83,1997069e-7e96-474e-9838-3V83
V84,9d2d1d20-0347-4d4a-b55d-8V84
V85,31f403b1-7552-4fdb-9f92-fV85
V86,af150b8c-c980-494c-98bb-eV86
V87,af86438d-ac82-4308-be72-9V87
V88,1473352f-8593-48e8-a424-6V88
V89,37e1caec-9b49-4b52-aa9e-8V89
V90,21aefceb-d519-410c-8694-0V90
V91,d0b166f4-3e6d-4a86-b84b-cV91
V92,318fa1b0-b8d2-4897-a142-8V92
V93,f63c195e-edb0-4ab8-b752-7V93
V94,f7924783-b9e3-41c8-af44-7V94
V95,3fb34b3f-359e-4c6d-a924-bV95
V96,c2ff7d0b-dd59-4d5c-92d8-7V96
V97,6b755d22-eff2-4520-a8b2-cV97
V98,6d44407e-175c-4a5d-8276-9V98
W10,4180e1d9-d345-4bdd-ae96-0W10
W11,0f27b0fe-f361-473d-ac8f-3W11
W12,e467455e-6c9c-408d-8e4a-bW12
W13,6130eaa5-29e3-4e47-9d67-1W13
W14,de6355ee-31c6-49a7-b693-3W14
W15,455f8477-f5e5-4ac6-9d9e-9W15
W16,8e848dd7-62f4-4892-8ad5-2W16
W17,96b05a82-f2d5-46e9-ba8e-dW17
W18,33bb4d92-6cbc-4b5a-acc3-dW18
W19,bd0281b0-deea-4ad2-a489-0W19
W20,c5f56ff1-8b8d-4411-bf35-0W20
W21,33672403-d455-4ef7-8188-eW21
W22,8e6f8a18-4421-4a87-8e2e-0W22
W23,c2faa94b-abfe-4cd4-aa93-0W23
W24,f8d48347-9f93-43a7-b4b4-2W24
W25,c85ac0f3-6124-457c-8a04-4W25
W26,1d5e2066-68b2-4377-bcbb-dW26
W27,6c731348-769d-4d7f-b321-eW27
W28,a88ea617-9492-4f1e-9db1-7W28
W29,b254034a-2b6c-4037-a966-0W29
W30,b63803e2-9e93-408e-bc14-3W30
W31,50535e57-9d73-4d9f-a24c-5W31
W32,a492b3d2-daa3-4762-9475-bW32
W33,336db3d9-ba10-4d6b-95ba-6W33
W34,ebe11764-e18f-42db-bca5-1W34
W35,5d30d30a-55ab-484e-a036-1W35
W36,9baa7d72-d262-4eb9-8e1f-0W36
W37,d53ada2f-7a0f-49df-9de3-bW37
W38,a9a70ba8-ba5f-4b42-98b1-fW38
W39,7f95924a-ed25-443d-a8bb-cW39
W40,f5fa1dc0-5ff3-4d8f-ad20-1W40
W41,52c268f0-dd99-4940-99ba-1W41
W42,5bb38203-9aa8-4775-abf7-5W42
W43,6c0f6499-3c2d-4a5c-b9ba-0W43
W44,0978330e-25bb-4951-98d4-4W44
W45,2f6f35b5-40c4-41b8-a3d4-aW45
W46,27ea6e1c-5d43-4268-bb62-6W46
W47,91849c63-932a-4ad7-a551-2W47
W48,c2239674-d745-4f7f-b9e3-5W48
W49,9b082093-ab68-4797-abe8-7W49
W50,4aa8785e-e8a1-4dde-a2a2-1W50
W51,794969c4-d302-4544-ae4c-2W51
W52,93e9113a-3a5b-4ba6-ae4a-8W52
W53,9a996979-46ac-4765-8028-0W53
W54,584afd90-1544-4149-b587-3W54
W55,078c978d-2485-43bd-af1c-6W55
W56,edddcae0-d3fe-4e00-9581-0W56
W57,1a4036f5-63de-42f7-b530-cW57
W58,59cfd04b-75f8-4900-8550-3W58
W59,47bc4f18-fc9f-417d-81e5-7W59
W60,5a16b07e-b0b3-4aa2-81b6-fW60
W61,f33973e1-761d-4183-a816-3W61
W62,4e8e5423-ec33-4ce7-a702-4W62
W63,a66d60ad-5762-401f-8690-eW63
W64,778ee5d5-57d3-45ae-8cef-0W64
W65,a1aeb2bb-4d40-47cd-bf9d-bW65
W66,00326eec-5231-4ed9-9f76-2W66
W67,153cee0b-3442-40c6-8fad-1W67
W68,dc42d707-8e6e-4fb1-8e06-8W68
W69,225f66a1-0e87-448b-9325-7W69
W70,4c61ad85-5fc6-4c23-b815-0W70
W71,fbedfbe5-405f-40ef-92a1-eW71
W72,1040a55b-b5ac-4704-bf24-dW72
W73,083fa753-7534-43dd-86f5-6W73
W74,230c7ae6-c228-45e5-b448-3W74
W75,3aa6a8a7-c853-4cfe-ac98-dW75
W76,15afb9d0-7992-49af-8c7d-4W76
W77,454c48b8-add8-4891-b1e8-5W77
W78,d17688ba-f16c-4353-8354-5W78
W79,21d06a4f-14df-4291-b40b-5W79
W80,bc351b57-716f-4a1a-a156-9W80
W81,68c09c0a-9b1e-4100-b0d6-9W81
W82,8f08495d-a51b-4243-b8e2-bW82
W83,08ffeeda-1ad6-4708-8820-9W83
W84,9b33b05a-97cf-4c8b-b791-4W84
W85,c83c0177-96cf-41d1-a82d-0W85
W86,13e9df74-c403-4b58-8075-3W86
W87,10a2864f-f6eb-4638-a9e9-9W87
W88,2527f12b-c328-4cf7-82f3-5W88
W89,6115f4c1-4d70-45f6-ac4f-2W89
W90,4933daa7-747c-4d88-a5f0-7W90
W91,e6773f96-386c-4c71-b75a-3W91
W92,f57d018c-848b-476f-8f50-6W92
W93,077052a8-f936-4f87-aa9e-6W93
W94,d2c25223-19e3-4dec-a7b1-5W94
W95,3914689a-dafd-4e20-8514-0W95
W96,45d490a9-eac8-4913-91d5-5W96
W97,4749d3b4-65b3-43b4-bb8a-aW97
W98,f4c0a848-72ee-410d-81db-bW98
X10,203247a3-cd67-4235-83d7-7X10
X11,2c710ac7-7f1f-4969-9d87-aX11
X12,e0881bc0-9c41-49d4-98d6-dX12
X13,1e46cdd8-ee23-415e-b5ac-dX13
X14,ed3ed390-c9d9-446e-a876-fX14
X15,6889f234-3f45-4a2b-8be9-fX15
X16,7943ac84-ff6b-4ea0-b05f-0X16
X17,fe1a03e8-bf1a-49c7-9e70-6X17
X18,a2ed93c1-341b-4f5a-918d-eX18
X19,a2b96ae3-bfff-447e-a26b-8X19
X20,aac70351-1ab7-4ef0-baf2-1X20
X21,b5359774-68c8-4682-a0a3-aX21
X22,ed92fe84-dae9-4ed2-867d-0X22
X23,84782998-5494-4c0c-9a65-6X23
X24,97badc32-1ecc-40b2-b15c-3X24
X25,16b58914-04c8-42e4-a9d9-bX25
X26,4fdf2405-d52d-47ff-983c-9X26
X27,502ebbe6-37df-4b68-9bf8-8X27
X28,fdc31f66-a73e-4da1-8e86-dX28
X29,0db5de3f-1fdf-4113-8a1b-8X29
X30,061a287a-59aa-468f-a3b3-0X30
X31,67550291-430e-452a-9db2-6X31
X32,d53df45c-b961-4180-9415-dX32
X33,d74ba132-f2a2-40a8-85d4-8X33
X34,e6829d46-e411-4064-98f6-dX34
X35,0f1c2a8f-38fe-49f0-a699-bX35
X36,fa8409a4-30c3-43d2-81c5-6X36
X37,abd129b5-5af0-4262-b7da-dX37
X38,9a368bfe-3ed5-4a3a-b00f-8X38
X39,23ab157b-237e-4907-b4ad-8X39
X40,06033a1e-3c30-49b9-a9f4-3X40
X41,05f4c408-8b3e-4916-b3b8-fX41
X42,69daedc7-8af0-4978-a70b-fX42
X43,0d1241da-d719-4751-ac38-0X43
X44,a6f4573c-0a73-4167-b747-bX44
X45,99e72228-1ff2-4089-9b50-4X45
X46,e74c4f3c-695d-44e7-81ab-5X46
X47,7aefefca-1fa5-4837-b456-0X47
X48,56d99c22-a456-4980-85cf-4X48
X49,8b9e5fd6-c6a2-4d36-baf6-8X49
X50,326c7004-4de3-4a1b-982b-bX50
X51,4efdb971-daa5-4165-bcae-dX51
X52,76bf6562-cc4c-4f10-b29e-eX52
X53,2d12a427-8e59-4c33-8452-dX53
X54,927415fc-6c8b-40e7-b5e1-6X54
X55,cbe6a8b2-547c-46e3-9261-9X55
X56,dd0eddb5-9abe-495a-8104-7X56
X57,a55189ec-d33c-4e9e-ac89-6X57
X58,a81e2375-0ba9-458f-87cc-5X58
X59,e0526a24-0779-4167-ba04-0X59
X60,9735440b-6939-4191-9ad4-1X60
X61,89cedddf-7ead-441c-b2bb-2X61
X62,6dc2ddd7-08a2-4877-af8b-7X62
X63,3f4cc8aa-93e1-4f09-af08-5X63
X64,9a1dd61f-2d6c-44db-8a73-8X64
X65,97971691-24ab-4b0c-ab9a-5X65
X66,14914a3f-317a-4fab-a95c-bX66
X67,2382b50f-30ad-47f3-9502-3X67
X68,175988c3-127d-45fd-985d-1X68
X69,d325b13e-7ac7-4812-861d-8X69
X70,a6449c69-122a-411a-b4e9-3X70
X71,7d9c1768-97d0-4844-a136-6X71
X72,26b13b26-18ca-4103-a864-6X72
X73,327b60ed-0ceb-42e0-bdee-5X73
X74,90d5b5f4-0652-45cc-b568-eX74
X75,609f657b-05f3-41d6-8511-aX75
X76,0e62b20a-051e-4293-9d34-eX76
X77,4f425f80-67c4-47e4-8e9e-7X77
X78,8d9a5b14-833e-498f-9072-0X78
X79,003740ac-04ab-4d58-9039-5X79
X80,921a7fe7-c1cc-4a7b-a557-9X80
X81,41aee615-8a71-4a98-aa18-9X81
X82,7a1111c1-d763-4325-b259-aX82
X83,7b90ae07-c8a0-4b11-b26d-2X83
X84,715e3f8c-0759-4cae-a8d7-0X84
X85,f5560b13-995f-45da-b226-aX85
X86,451f2723-fa99-4fc8-8098-8X86
X87,68fda767-f8b3-45fa-8bd7-dX87
X88,eb95ab74-bd94-4eb6-8fd7-0X88
X89,4b62b1ca-81ef-4323-a181-3X89
X90,4022e924-fa99-4eb4-98f3-bX90
X91,b50a4c7d-320d-4b7d-a214-7X91
X92,1aea49a0-e668-4787-aa5e-bX92
X93,4b70ffc9-19f2-4cc1-aab5-1X93
X94,dd762fc3-a7ca-4d8c-af65-6X94
X95,0f2c1071-2584-4577-81d3-2X95
X96,6f4f1f7b-ce94-4ccd-a823-0X96
X97,35ffd82a-c643-4a09-a375-aX97
X98,1b068757-1617-4d2e-a5d8-1X98
Y10,2f049282-9f5f-494d-a6e0-eY10
Y11,08d93ead-e848-47fa-95ef-5Y11
Y12,4909ca95-3f67-4014-94c3-fY12
Y13,c39dfe5c-fac0-41d4-8dbb-1Y13
Y14,449cf52b-79df-4da7-a310-aY14
Y15,665a5f37-65c2-4b1e-9d7c-aY15
Y16,c071a84a-0afc-4175-9bf1-fY16
Y17,fe638c9d-e881-407e-8877-2Y17
Y18,955ef2f7-1267-4437-af38-cY18
Y19,c25499ea-6dff-4fe2-951f-cY19
Y20,ef7cba5a-532e-4347-9fbf-6Y20
Y21,8b5a1364-5a37-4522-9bad-3Y21
Y22,455cd509-67ec-48b6-aaaf-8Y22
Y23,9de6d93b-29bb-4147-bded-5Y23
Y24,c8f1ae79-eeb8-4b57-9f3d-aY24
Y25,6899380b-0234-4aad-b0c2-2Y25
Y26,80e29982-1f32-4781-92e6-cY26
Y27,12cc30ce-1056-4ae8-ad16-9Y27
Y28,17050c96-1a74-492e-9bef-5Y28
Y29,fba60846-ac45-4e17-8be7-9Y29
Y30,5982fdec-2e2a-4f7e-8d7b-fY30
Y31,bfdcf983-11dc-41ae-803e-bY31
Y32,6ee7502f-3341-4706-9cb5-aY32
Y33,181657af-8441-4f13-80b2-bY33
Y34,b0518427-89f0-4120-8f4c-aY34
Y35,3fa6ee6a-6ad0-4ef5-8ae9-5Y35
Y36,7ef3b3b4-419a-44a7-8b65-6Y36
Y37,59515ff8-7967-4b0c-86c1-1Y37
Y38,28f2a17b-e756-4949-851f-1Y38
Y39,9bebb517-5a1f-4edd-bb31-3Y39
Y40,4b70aa2e-2408-4d0b-b98c-dY40
Y41,1163f4e8-0298-4224-ab31-aY41
Y42,fdba05d0-34b5-4024-b737-cY42
Y43,374d6219-1b09-46ad-afce-cY43
Y44,f71a08b7-b1bf-4ea4-81c0-5Y44
Y45,da532434-eca4-47a2-9cda-6Y45
Y46,d7a382ad-5adf-4d03-a163-7Y46
Y47,aa78d888-c8c5-4c30-af2e-9Y47
Y48,71b1b70a-dd05-4261-bee0-7Y48
Y49,3d9d8499-0631-4e2f-b0a3-7Y49
Y50,ec1287d9-a3c5-4f6c-8c7f-dY50
Y51,beff6747-b992-449e-b020-9Y51
Y52,3a40bcab-2754-4ac6-8ad4-dY52
Y53,cf8b6abf-47be-4821-a3e4-6Y53
Y54,93db7c1e-d109-436f-84f8-2Y54
Y55,e2b965bb-95e9-4b31-9385-7Y55
Y56,93a943d5-0957-4ffc-a7d0-8Y56
Y57,abc0a1e9-de1c-4310-9767-eY57
Y58,9d1ea5c8-44d7-4579-bfbd-7Y58
Y59,ecb6d173-3553-4233-8095-0Y59
Y60,e30671e3-b44e-4007-9a9c-eY60
Y61,af0fabab-33bc-42bc-8aaa-4Y61
Y62,ea6f78dc-c834-45a5-8ddd-5Y62
Y63,43c9244c-a00b-4c69-9ade-6Y63
Y64,5cb62599-4e47-48f9-8354-3Y64
Y65,30f42b4c-bbb1-4ded-919a-7Y65
Y66,5ab8fa9a-4299-4f24-9ac8-dY66
Y67,6c56aa94-11bf-47d6-8d69-3Y67
Y68,e1b615a4-279d-40cc-a634-5Y68
Y69,d4960ea7-cc03-4548-9d68-8Y69
Y70,cfa4a300-2f6b-47db-a0f4-0Y70
Y71,282111d5-8438-4795-895f-1Y71
Y72,bbde4276-5b5e-4d7f-b531-8Y72
Y73,aac03f10-0cf3-4013-abe2-aY73
Y74,f281bcdf-5534-43ea-8b35-8Y74
Y75,d7c1391a-c154-476c-838a-6Y75
Y76,8e7cae3f-8719-4e98-bcc9-3Y76
Y77,931af0f9-da2b-4cda-8cc0-1Y77
Y78,e3f3a281-b644-48ec-909b-6Y78
Y79,d7718e82-cb72-4c3b-b28b-3Y79
Y80,255e8749-8a53-4c33-8d38-1Y80
Y81,f73d592d-0a45-48d4-87cc-fY81
Y82,9fd773c6-c77e-47ac-afd5-5Y82
Y83,09b3354d-01a7-4742-bb7a-4Y83
Y84,5b73a99f-f34c-4459-a41d-5Y84
Y85,bc7f294f-66d7-4f32-9b13-fY85
Y86,f1452315-cc6c-4530-8f06-5Y86
Y87,0ca3ce21-afd1-4b1e-a64a-3Y87
Y88,9923e994-84d0-4226-a6c0-7Y88
Y89,1a8dd83e-cb4e-49d7-86f2-3Y89
Y90,e44e83dc-4244-461c-ac3f-dY90
Y91,8b276739-bbdc-487c-a45b-8Y91
Y92,2c658211-ddf1-4f18-8399-fY92
Y93,670bf600-cf46-4dae-a5bd-fY93
Y94,37a7dbda-a8f4-4484-a201-1Y94
Y95,b70af03a-d351-4bd5-bcf0-3Y95
Y96,41f0a4e4-9870-49c8-9091-6Y96
Y97,fc832988-a351-4840-85d1-9Y97
Y98,337b5e51-aec9-4841-baa7-4Y98
Z10,f9d561a0-3521-4d52-afd2-1Z10
Z11,52dc0176-62bd-4056-9c13-1Z11
Z12,158ad616-15f3-459c-b5e6-5Z12
Z13,3261ce14-9653-4a5c-acf4-eZ13
Z14,6ca0b66d-407e-4533-9113-3Z14
Z15,ab92b754-bedc-43a3-9182-3Z15
Z16,ee360eab-8668-40ec-a936-3Z16
Z17,3a05817c-586e-4306-89bc-aZ17
Z18,b7b23c09-cf17-4a9d-9049-aZ18
Z19,e0c04f71-0066-4c36-bfef-3Z19
Z20,332af49f-6877-4967-bb7c-bZ20
Z21,d2395173-c802-44e6-9111-aZ21
Z22,9d4e8264-2879-443b-b0d0-eZ22
Z23,c0c349c5-06ad-4574-b000-7Z23
Z24,f1aa5280-d93e-45f4-bbea-5Z24
Z25,55461adb-c1e5-4045-97c2-eZ25
Z26,d7c907ee-12ba-46f6-ab2a-2Z26
Z27,3cc1b8fe-14aa-457d-a986-fZ27
Z28,783d8dc4-40ab-460c-ba05-2Z28
Z29,4da1588f-a0ed-42d9-a24e-7Z29
Z30,1febd16a-0eea-46fb-9e9f-fZ30
Z31,3844b1d5-fbb9-4239-8a34-6Z31
Z32,78806d18-0141-40d2-84a2-eZ32
Z33,fa2d7797-5792-4c48-be6e-2Z33
Z34,92c9fb9c-524d-4ac1-90b9-eZ34
Z35,41982e6c-6f77-4b56-9c0a-2Z35
Z36,7ece8534-97a1-4813-b5a1-8Z36
Z37,12405410-d2e2-4787-9131-eZ37
Z38,9d730735-9e39-4721-8f06-cZ38
Z39,6d2eb49e-72ca-4f4d-8bac-fZ39
Z40,bb8491d0-69c6-4645-a9de-aZ40
Z41,8ffd13e9-27df-4b6e-b605-8Z41
Z42,65e3c849-4227-41c9-a072-3Z42
Z43,9448efc6-6e54-46b3-bd33-5Z43
Z44,8bd5ce4c-f56d-4cc8-825e-7Z44
Z45,94cc023a-28cd-4e8f-9fe1-1Z45
Z46,c879baf2-76a6-421d-a2df-fZ46
Z47,1350eaa2-6969-455d-92c5-fZ47
Z48,252a070b-0454-494c-bbd1-7Z48
Z49,c658eefc-b323-4dcb-9250-7Z49
Z50,7baafecc-4aa4-4434-8a11-3Z50
Z51,ac034da0-2a01-4133-a9b6-0Z51
Z52,299cc3c6-db12-4806-b858-fZ52
Z53,25bc606d-4727-4589-9393-cZ53
Z54,5ae4bf6e-1166-4fbc-88a1-7Z54
Z55,bffac238-1166-4b1d-91fe-7Z55
Z56,978aa487-50f9-476f-9a2a-3Z56
Z57,6e5632fe-3e33-4c05-89b7-5Z57
Z58,0aafca10-56a6-4426-99f0-cZ58
Z59,75732da3-41a9-488f-8213-bZ59
Z60,56234b3c-18ef-4107-b7e5-cZ60
Z61,f464641b-84b0-4d61-93b2-1Z61
Z62,25f741ea-5d98-4a52-a10f-4Z62
Z63,69fd1794-ffd2-46af-90d1-5Z63
Z64,c48e1ddf-4ac5-4f11-b370-7Z64
Z65,9b0f973d-1b85-4e9c-9057-7Z65
Z66,266802a6-a2bf-4031-876a-eZ66
Z67,8965c20b-a03b-41f9-a7ad-bZ67
Z68,8804ebd8-9810-4703-ada6-9Z68
Z69,46af0c42-91e5-4a90-80ec-5Z69
Z70,8a851004-5cf6-4b69-b46b-5Z70
Z71,ba1d3a36-8101-4fe9-87c7-3Z71
Z72,1f1e3d25-36aa-4909-80a7-cZ72
Z73,6fad6558-f19d-4438-a556-1Z73
Z74,bca98ddd-a3c4-4b57-8d4b-4Z74
Z75,058b7bab-ac08-41e5-bc5e-0Z75
Z76,5b4bec3c-e743-4aeb-b4cc-fZ76
Z77,f05e2de7-eac9-4b1e-aaac-cZ77
Z78,51e1da88-b003-4f71-8a8d-8Z78
Z79,8815812c-1108-452f-9aaa-bZ79
Z80,a41abf18-9fd5-4916-85c3-bZ80
Z81,77b94258-a6e1-4a2e-812f-cZ81
Z82,da2d521d-029a-46af-ade2-fZ82
Z83,165c89ca-0b33-4c12-8cc9-5Z83
Z84,fe1a4363-3fb1-4ec5-8cdb-0Z84
Z85,fc095450-62c1-4727-be2b-3Z85
Z86,c029fa99-701a-4762-8a3e-dZ86
Z87,720e765d-2622-452a-b4b2-cZ87
Z88,7225a190-a0aa-4b9b-a179-dZ88
Z89,9d6c524f-8f3b-47e8-bec0-bZ89
Z90,e581b150-f890-4447-9947-eZ90
Z91,080d19b4-16de-4467-8784-7Z91
Z92,01600805-cdba-4844-8300-6Z92
Z93,bc602c0a-c6eb-4ae7-b65d-2Z93
Z94,9ceb5b06-3327-4c5d-aa0f-fZ94
Z95,aa981e2c-2cd7-43a3-9620-3Z95
Z96,69ec196e-1ee0-432b-9ec9-3Z96
Z97,1335d021-4a6a-46ae-b311-2Z97
Z98,99f36633-4291-41ee-b51c-6Z98
